nm_municipio;sg_uf;aptos;renan_votos;renan_pct;pct_esperado;residuo_pp;razao_real_esperado;votos_esperados;votos_acima_esperado;df_total;top_df_nome
ÁGUAS BELAS;PE;35255;393;1,6240340509938427;0,9758762169636898;0,648157834030153;1,664180377350327;236,15228574304328;156,84771425695672;110;MIGUEL KAZAN
ITABELA;BA;22120;252;1,6232929657304818;1,008480956999735;0,6148120087307468;1,6096416639931739;156,55658376463884;95,44341623536116;93;QUÉCIA REIS
BURITICUPU;MA;42732;557;1,7378010732559592;1,1204609952963045;0,6173400779596546;1,5509697174209975;359,13015821237155;197,86984178762845;67;DANIEL LOPES
TABIRA;PE;21365;288;1,7264117012348639;1,114180990001159;0,6122307112337048;1,5494894606244072;185,86767275199335;102,13232724800665;109;MIGUEL KAZAN
APODI;RN;30219;613;2,4855046020354377;1,6062532887154024;0,8792513133200351;1,5473926929813258;396,1502485958797;216,8497514041203;82;VIVIANE AVELINO
ANAJÁS;PA;22636;306;1,7956692682354323;1,1638302384700683;0,631839029765364;1,5428962136230093;198,32831093768434;107,67168906231566;38;JOHN ROBERT
PIRACURUCA;PI;25821;386;1,9287463148953181;1,2516114577059172;0,6771348571894008;1,5410104334060055;250,48500103068523;135,51499896931477;38;ANGELO CARVALHO
CAETÉS;PE;20683;205;1,4046868576127176;0,9563911825963275;0,4482956750163901;1,4687367294618883;139,57572918810803;65,42427081189197;69;MIGUEL KAZAN
BREJO DA MADRE DE DEUS;PE;36268;412;1,5359379660005965;1,047991761834287;0,48794620416630924;1,4656011830782554;281,1133101944292;130,88668980557082;124;MIGUEL KAZAN
CANDELÁRIA;RS;22407;486;2,8610113616294814;1,9690937498777188;0,8919176117517625;1,452958429128705;334,4899552917281;151,5100447082719;3085;EVANDRO AUGUSTO
TUCURUÍ;PA;73025;1222;2,268213457076566;1,5664375901047776;0,7017758669717884;1,4480075500006657;843,9182516689489;378,08174833105113;128;JOHN ROBERT
LARANJAL DO JARI;AP;28170;482;2,344814166180191;1,6384918998187514;0,7063222663614394;1,4310807190682922;336,80839492674255;145,19160507325745;19;LUY RICARDO
AREIA BRANCA;RN;22037;410;2,4785394752750576;1,7366438554744634;0,7418956198005943;1,4272007858501898;287,27562657258574;122,72437342741426;72;ANA CLARA GURGEL
CAETITÉ;BA;42181;475;1,437042415441399;1,0086752471533555;0,4283671682880434;1,4246829388318636;333,4075161940702;141,59248380592982;160;QUÉCIA REIS
LAGARTO;SE;82331;1276;1,9358558121188214;1,358958326659283;0,5768974854595383;1,4245144785842854;895,7437914341998;380,2562085658002;311;DAVI VALENÇA
UAUÁ;BA;22079;243;1,3923107775167591;0,9828523254931508;0,40945845202360837;1,4166022111390544;171,53721636831963;71,46278363168037;51;QUÉCIA REIS
PEDRO II;PI;35312;420;1,6224986479177934;1,1538853366140145;0,46861331130377876;1,4061177453549132;298,6947582359038;121,3052417640962;58;ANGELO CARVALHO
SOBRADINHO;BA;20427;249;1,6199336412725263;1,156743193075921;0,46319044819660515;1,4004263443858487;177,80299620769983;71,19700379230017;51;QUÉCIA REIS
LIMOEIRO DO NORTE;CE;46944;882;2,3120478137779177;1,669775553850917;0,6422722599270008;1,3846458635987102;636,9859782830478;245,01402171695224;151;GABRIEL CARVALHO
JAGUARIBE;CE;29394;407;1,7857926374446054;1,2899215302086513;0,4958711072359541;1,3844195911326052;293,9860159498537;113,01398405014629;104;GABRIEL CARVALHO
ESTREITO;MA;24146;343;1,8502535332829861;1,3382599569550104;0,5119935763279756;1,3825815557486547;248,08663082031984;94,91336917968016;39;ANA ZENAIDE
ITAÍBA;PE;21182;199;1,275968196973583;0,9242902177138875;0,35167797925969546;1,3804843679180394;144,1523023546579;54,847697645342095;63;MIGUEL KAZAN
IPUBI;PE;24789;251;1,436584249084249;1,0426166313667293;0,3939676177175196;1,3778643135598954;182,16597783239496;68,83402216760504;47;MIGUEL KAZAN
BARRA DA ESTIVA;BA;21065;236;1,3704198362464433;0,9950251090043516;0,3753947272420916;1,3772716123894817;171,3532740216394;64,64672597836059;51;QUÉCIA REIS
ARAIOSES;MA;32649;348;1,4263464218378554;1,0426489738906763;0,383697447947179;1,3680025181585327;254,38549664984723;93,61450335015277;74;DANIEL LOPES
ARAGUATINS;TO;22359;276;1,6268788682581785;1,191490282065229;0,4353885861929497;1,3654151382907493;202,13632635236607;73,86367364763393;36;WALDESON VENCESLAU
PEDREIRAS;MA;28040;420;1,875083709094156;1,3734901864639497;0,5015935226302063;1,3651962915887728;307,64806686606005;112,35193313393995;54;DANIEL LOPES
SÃO BENTO DO UNA;PE;38192;386;1,4063980179261093;1,030303067124844;0,3760949508012654;1,3650333215553683;282,77697980308466;103,22302019691534;130;MIGUEL KAZAN
JOÃO LISBOA;MA;21876;320;1,8325506814797845;1,3434711067372251;0,48907957474255936;1,3640417514674696;234,59692465845427;85,40307534154573;36;DANIEL LOPES
EXTREMA;MG;43712;1011;3,3134504457262715;2,4328041278068357;0,8806463179194358;1,3619881715316453;742,2971954764217;268,70280452357827;357;CARLOS HENRIQUE DIAS
CAXIAS;MA;113420;1802;2,0807112753305237;1,5302708000606502;0,5504404752698736;1,3597013517137344;1325,291026392526;476,70897360747404;243;DANIEL LOPES
MUCURI;BA;27873;337;1,6820564012977288;1,2399521524819805;0,44210424881574834;1,356549442598087;248,4244137497648;88,5755862502352;102;QUÉCIA REIS
RIACHO DE SANTANA;BA;23737;221;1,2328461452638626;0,9101126630795224;0,32273348218434006;1,3546082757406275;163,1467959836352;57,8532040163648;61;QUÉCIA REIS
PARIPIRANGA;BA;23527;227;1,242338003502627;0,918269832358938;0,3240681711436889;1,3529117038628962;167,78626376862516;59,21373623137484;60;QUÉCIA REIS
SÃO JOAQUIM DE BICAS;MG;25074;453;2,523255166267476;1,8712670380103067;0,6519881282571693;1,3484206770138054;335,9485713339904;117,0514286660096;125;CARLOS HENRIQUE DIAS
SANTA HELENA DE GOIÁS;GO;30181;356;1,555468169703325;1,1594891117128792;0,39597905799044575;1,341511665776212;265,37227299772667;90,62772700227333;126;JOÃO NOLETO
MONTEIRO;PB;27191;403;1,9275840627541014;1,4399285436979319;0,4876555190561696;1,338666471465177;301,0458606309266;101,9541393690734;76;CATARINA NEVES
DELMIRO GOUVEIA;AL;41407;489;1,607653614754907;1,2050985726660448;0,40255504208886217;1,3340432485935885;366,5548328478308;122,44516715216918;80;RONALD ALVES
PRUDENTÓPOLIS;PR;39039;773;2,5275479841742143;1,8966500548805787;0,6308979292936359;1,33263802548613;580,0524862841273;192,94751371587267;286;PEDRO DEYROT
SÃO SEBASTIÃO;AL;27082;288;1,4404321296388916;1,0815121916671186;0,3589199379717729;1,3318686009618703;216,23754760192372;71,76245239807628;39;RONALD ALVES
