nm_urna;nr_candidato;cargo;sg_uf;municipios_acima_do_presidente;votos_nesses_municipios;votos_presidente_nesses;votos_totais;pct_votos_do_cand_nesses
EVANDRO AUGUSTO;1414;Deputado Federal;RS;43;25183;7277;48835;51,56752329272039
KIM KATAGUIRI;1414;Deputado Federal;SP;7;524;301;520071;0,1007554737718504
LUANA SILVA;14000;Deputado Estadual;MG;3;2300;336;25523;9,011479841711397
MARI MAZZON SOS 4 PATAS;14444;Deputado Estadual;PR;2;4242;2355;35941;11,80267660888679
MAYKEL CARVALHO;1444;Deputado Federal;GO;2;525;140;1053;49,85754985754986
ROQUES PEREIRA;1467;Deputado Federal;BA;2;356;163;536;66,4179104477612
GUILHERME TEDGUE;1422;Deputado Federal;BA;1;70;53;521;13,43570057581574
JOÃO PAULO;14111;Deputado Estadual;RS;1;52;40;1594;3,262233375156838
JOEL CONSTÂNCIA;14123;Deputado Estadual;PE;1;903;490;2345;38,50746268656716
PAULO COELHO;1466;Deputado Federal;SP;1;218;186;499;43,687374749499
RADMAN GADIEL;1477;Deputado Federal;MT;1;193;109;1788;10,79418344519016
UELITON BRILHOSO;1444;Deputado Federal;CE;1;258;221;981;26,29969418960244
VAGNER VISOLI;1410;Deputado Federal;SC;1;63;40;744;8,46774193548387
VALDEMAR ABRAO;1419;Deputado Federal;MG;1;1238;248;1508;82,09549071618038
ÍTALO MOREIRA;14190;Deputado Estadual;SP;1;14709;14567;19108;76,97822901402553
