cargo;sg_uf;nr;nome;situacao;votos;pct_uf;municipios_com_voto;hhi_concentracao;reduto;pct_votos_no_reduto;corr_com_presidente;votos_cand_por_voto_pres_uf;pct_do_qe;rank_no_partido_uf
Deputado Distrital;DF;14000;YURI KAIOLI;NÃO ELEITO;3264;0,19215722982746472;1;1,0;BRASÍLIA;100,0;;0,06987198698462987;4,6117979512539735;1,0
Deputado Distrital;DF;14014;ARTHUR GURGEL;NÃO ELEITO;2979;0,1753787952377504;1;1,0;BRASÍLIA;100,0;;0,06377103223872929;4,209113387495584;2,0
Deputado Distrital;DF;14444;PERITA TIROTTI;NÃO ELEITO;2318;0,13646460132967622;1;1,0;BRASÍLIA;100,0;;0,049621098599991434;3,2751677852348995;3,0
Deputado Distrital;DF;14100;DRª CAROLINA MAIA;NÃO ELEITO;1673;0,09849235462663862;1;1,0;BRASÍLIA;100,0;;0,03581367470137432;2,3638290356764395;4,0
Deputado Distrital;DF;14714;AMANDA CAMARGO;NÃO ELEITO;621;0,03655932589548271;1;1,0;BRASÍLIA;100,0;;0,013293659288436016;0,8774284705051218;5,0
Deputado Distrital;DF;14123;EDU SANTOS;NÃO ELEITO;514;0,03026005396180051;1;1,0;BRASÍLIA;100,0;;0,011003125401378601;0,7262451430589898;6,0
Deputado Distrital;DF;14141;HENRIQUE DURÃES;NÃO ELEITO;298;0,01754376669380652;1;1,0;BRASÍLIA;100,0;;0,006379243909748683;0,42105263157894735;7,0
Deputado Distrital;DF;14777;TANIEL MACEDO;NÃO ELEITO;241;0,014188079775863663;1;1,0;BRASÍLIA;100,0;;0,0051590529605685664;0,3405157188272695;8,0
Deputado Distrital;DF;14001;WELLINGTON CAMPOS;NÃO ELEITO;164;0,009654958851625066;1;1,0;BRASÍLIA;100,0;;0,0035107248362375304;0,23172024019780996;9,0
Deputado Distrital;DF;14149;EMANUELLE;NÃO ELEITO;144;0,008477524845329326;1;1,0;BRASÍLIA;100,0;;0,003082587661086612;0,20346167432002826;10,0
Deputado Distrital;DF;14114;MATHEUS MARQUES;NÃO ELEITO;123;0,007241219138718799;1;1,0;BRASÍLIA;100,0;;0,002633043627178148;0,17379018014835748;11,0
Deputado Distrital;DF;14040;RHAILLER SANTOS;NÃO ELEITO;103;0,006063785132423059;1;1,0;BRASÍLIA;100,0;;0,0022049064520272294;0,14553161427057576;12,0
Deputado Distrital;DF;14321;ANTHONY RIBAS;NÃO ELEITO;92;0,005416196428960403;1;1,0;BRASÍLIA;100,0;;0,0019694310056942244;0,12998940303779583;13,0
Deputado Estadual;SP;14014;RAFA MINATO;ELEITO (estimado pelas vagas);185582;0,7968307790626489;642;0,13356410902536772;SÃO PAULO;35,862853078423555;0,7986105751489948;0,23073441832129402;74,90212539250744;1,0
Deputado Estadual;SP;14000;RENATO BATTISTA;SUPLENTE;89489;0,3842376393590832;605;0,15651298325594826;SÃO PAULO;38,92098470203042;0,8057956566150285;0,11126182690753565;36,11835360783966;2,0
Deputado Estadual;PR;14444;MARI MAZZON SOS 4 PATAS;NÃO ELEITO;35941;0,5815450188915969;329;0,2837003445236397;CURITIBA;51,47324782282073;0,6045589292239809;0,20255982506171308;31,403507239032233;1,0
Deputado Estadual;MG;14000;LUANA SILVA;NÃO ELEITO;25523;0,22568099991104687;780;0,041800542638981045;BELO HORIZONTE;17,00035262312424;0,11936595927177975;0,10328515005341707;17,377480016885222;1,0
Deputado Estadual;SP;14777;RAFAEL MACRIS;SUPLENTE;23369;0,10033914105848112;523;0,07884429566583363;SÃO PAULO;24,45975437545466;-0,0008034591311488473;0,029054717708346285;9,431883309251472;3,0
Deputado Estadual;RJ;14444;ANDRÉ BRANDÃO;NÃO ELEITO;22316;0,26317573962159346;92;0,22160179016766487;RIO DE JANEIRO;45,60405090518014;0,8465413589429133;0,10534216377222755;18,42226918504821;1,0
Deputado Estadual;PR;14014;WILLIAN ROCHA;NÃO ELEITO;19852;0,32121620753557173;372;0,10821453427943856;CURITIBA;31,069917388676203;0,904421714261622;0,11188385540539017;17,345717306398484;2,0
Deputado Estadual;SP;14123;ENGENHEIRO LEO;SUPLENTE;19844;0,08520389897575845;478;0,12495036877241353;SÃO PAULO;34,100987704091914;0,6754299882157785;0,024672079173453022;8,009169942607137;4,0
Deputado Estadual;SP;14190;ÍTALO MOREIRA;SUPLENTE;19108;0,0820437463025999;236;0,5962883531614245;SOROCABA;76,97822901402554;0,07742890819435731;0,023757009113401548;7,712115463784377;5,0
Deputado Estadual;RJ;14000;PEDRO BADARÓ;NÃO ELEITO;18219;0,2148592400145999;91;0,23073333694431433;RIO DE JANEIRO;46,94549645973983;0,809877417001645;0,08600236967943241;15,040120195482762;2,0
Deputado Estadual;BA;14014;RAFA ANDRADE;NÃO ELEITO;14170;0,17357315091615877;407;0,1148344256081885;SALVADOR;32,6605504587156;0,9072096456434416;0,12058650826745186;10,935076360325043;1,0
Deputado Estadual;PE;14000;GABRIEL ASAFE;NÃO ELEITO;12096;0,2304749372796069;183;0,09808441364585961;RECIFE;26,744378306878307;0,5586747535930647;0,14087229953997554;11,293274078500206;1,0
Deputado Estadual;MG;14014;RAFAELA CUPERTINO;NÃO ELEITO;11067;0,0978572905228835;645;0,057492193588377774;BELO HORIZONTE;21,677057919942172;0,793168752198747;0,04478536048431481;7,535030025736345;2,0
Deputado Estadual;RS;14000;PEDRO MONTEIRO;NÃO ELEITO;9895;0,162027314579429;374;0,048393232529227434;PORTO ALEGRE;18,362809499747346;0,7637147298128173;0,0590541782546939;8,911524190352678;1,0
Deputado Estadual;RS;14333;CARLOS IRAN;NÃO ELEITO;9188;0,15045042610973156;413;0,03406505978061142;PORTO ALEGRE;14,018284719198956;0,5849864975157779;0,05483474379020996;8,274793760582153;2,0
Deputado Estadual;PR;14000;GUSTAVO CAMILLO;NÃO ELEITO;8938;0,1446217239045406;320;0,13638437908025158;CURITIBA;34,73931528306109;0,7116385893533335;0,05037366006515098;7,809592045365185;3,0
Deputado Estadual;SC;14444;LÉO LAMERA;NÃO ELEITO;8212;0,19226969078575837;248;0,07019060650197909;JOINVILLE;21,980029225523623;0,6738704721840315;0,06183967769870854;7,690794834093484;1,0
Deputado Estadual;SP;14144;NICOLY SANTOS;SUPLENTE;7873;0,03380418749426256;388;0,15587540158868735;SÃO PAULO;38,81620729074051;0,6942665778485456;0,009788514378784299;3,1775949888200965;6,0
Deputado Estadual;SC;14014;CAROL FORMIGONI;NÃO ELEITO;7427;0,17389028171770912;245;0,04570043445534924;FLORIANÓPOLIS;13,356671603608456;0,7180170783626044;0,055928310553861216;6,9556177828558585;2,0
Deputado Estadual;MG;14400;BERNARDO VALLADARES;NÃO ELEITO;6764;0,05980904609169459;601;0,057248588117913696;BELO HORIZONTE;22,176227084565348;0,60534528735085;0,027372203697109004;4,6053079510328585;3,0
Deputado Estadual;PR;14441;BEATRIZ OLIVEIRA;NÃO ELEITO;6622;0,10714757839515192;318;0,12198996946104892;CURITIBA;33,20749018423437;0,8636642610479026;0,037320919327750036;5,785983276393853;4,0
Deputado Estadual;RS;14444;NATÁLIA MEDINA;NÃO ELEITO;6308;0,10329138962779567;339;0,04553582953112051;PORTO ALEGRE;16,566265060240966;0,7386475351214911;0,037646665632199;5,68104038329911;3,0
Deputado Estadual;RN;14000;FÁBIO SILVEIRA;NÃO ELEITO;5955;0,30722655675643046;164;0,1675087928565839;NATAL;36,523929471032744;0,8663359811530373;0,1688834689884008;7,373425950001857;1,0
Deputado Estadual;SP;14400;SOLDADO MACIEL;SUPLENTE;5407;0,023215958564902536;377;0,06391905307113244;SÃO PAULO;23,358609210282967;0,001418515934905515;0,006722532356927055;2,1823010421123157;7,0
Deputado Estadual;SC;14999;JAIRO;NÃO ELEITO;4739;0,11095543894711507;213;0,04269284148927688;CRICIÚMA;15,467398185271154;0,2748128083976693;0,035686584585263;4,438221714414153;3,0
Deputado Estadual;SP;14444;CABO PINHEIRO;SUPLENTE;4513;0,019377403551582236;324;0,2543276878588281;SÃO PAULO;50,07755373365832;0,5114800680878689;0,0056110206263754025;1,8214767159335825;8,0
Deputado Estadual;ES;14000;ENFERMEIRA KARYNA DARA;NÃO ELEITO;4106;0,19161942683110655;76;0,11408346143324642;VILA VELHA;19,897710667316122;0,9375535085691554;0,07712825907280788;5,748606949850195;1,0
Deputado Estadual;BA;14444;ISAAC NOLASCO;NÃO ELEITO;3892;0,04767443213589908;339;0,05740330654284384;SALVADOR;19,398766700924973;0,515143470969242;0,033120867337820936;3,0034803948048743;2,0
Deputado Estadual;SP;14714;ADVOGADA PALOMA NADAL;SUPLENTE;3623;0,01555602328105084;271;0,15695068972733697;SÃO PAULO;38,83521943141044;0,4495636972923924;0,004504482102671855;1,4622668162701904;9,0
Deputado Estadual;SP;14019;MATHEUS CAMPINAS;SUPLENTE;3519;0,015109479968539306;176;0,364112537783563;CAMPINAS;59,53395851094061;-0,0003004475342717802;0,004375178724621104;1,4202917268713222;10,0
Deputado Estadual;RJ;14222;JAQUELINE VIEIRA;NÃO ELEITO;3435;0,040509440114723676;79;0,22126529496640668;RIO DE JANEIRO;45,44395924308588;0,8118497588892098;0,016214838347266607;2,835655791837274;3,0
Deputado Estadual;SP;14044;FERNANDA SCHMITT;SUPLENTE;3209;0,013778437402399157;222;0,18785579005603303;SÃO JOSÉ DOS CAMPOS;39,48270489248987;0,05496028977619078;0,003989755193892902;1,2951736719323879;11,0
Deputado Estadual;SC;14000;A A MARGARETH PRATTS DA MISSÃO;NÃO ELEITO;3053;0,07148068265573798;184;0,044579928630658565;FLORIANÓPOLIS;14,706845725515887;0,5752110342850141;0,022990323430852066;2,859229983985315;4,0
Deputado Estadual;ES;14014;VENTORIM;NÃO ELEITO;3047;0,14219785522512948;76;0,09752850242815515;VILA VELHA;18,181818181818183;0,8782962915871287;0,0572357051619205;4,265953574328676;2,0
Deputado Estadual;MG;14007;FILIPE SPOLADORI;NÃO ELEITO;2877;0,025439181786783758;380;0,030850189721581003;BELO HORIZONTE;10,218978102189782;0,07360338850061163;0,011642494091747871;1,9588218472976837;4,0
Deputado Estadual;SP;14141;DR. ALEXANDRE MITSUO;SUPLENTE;2597;0,01115070175569667;264;0,17801574607945625;SÃO PAULO;41,58644589911436;0,6098627105598026;0,00322885454613271;1,0481664150852013;12,0
Deputado Estadual;SP;14140;MARCOS DA EDUCAÇÃO;SUPLENTE;2513;0,010790032157129661;254;0,13288686336026798;SÃO PAULO;31,675288499801034;-0,007594433175037451;0,0031244172023224877;1,0142634582630385;13,0
Deputado Estadual;PE;14123;JOEL CONSTÂNCIA;NÃO ELEITO;2345;0,044681194437886755;127;0,17597574115411369;PAUDALHO;38,507462686567166;-0,038207949626834055;0,02731031270016887;2,1893789446166485;2,0
Deputado Estadual;BA;14000;HORTENSIA RICCIO;NÃO ELEITO;2188;0,026801556401168342;284;0,09331854990992916;SALVADOR;29,021937842778794;0,7469089388374653;0,01861985039443787;1,688493089371291;3,0
Deputado Estadual;RJ;14014;SILVIA QUEZADO;NÃO ELEITO;2182;0,025732634157300455;81;0,18048511233901912;RIO DE JANEIRO;40,83409715857012;0,32194461421246195;0,010300080720155964;1,8012812045964866;4,0
Deputado Estadual;MG;14777;ANA FIALHO;NÃO ELEITO;2129;0,018825171367418358;324;0,054058770593126595;BELO HORIZONTE;19,44574917801785;0,39879011038874623;0,00861552656285409;1,4495417841142748;5,0
Deputado Estadual;RJ;14762;PROF DAVI ANDRADE;NÃO ELEITO;2117;0,02496607997754586;76;0,17193272447061814;RIO DE JANEIRO;39,11195087387813;0,23487007619512187;0,009993249717951501;1,7476225069343547;5,0
Deputado Estadual;ES;14321;DANLEY VIEIRA;NÃO ELEITO;2116;0,09874980691052643;70;0,1154731615453061;SERRA;23,156899810964084;0,8737646509765699;0,039747539259147945;2,9625066502394084;3,0
Deputado Estadual;SP;14441;TAMIRIS GODOY;SUPLENTE;2081;0,008935159935927904;225;0,20695263269585623;SÃO PAULO;44,97837578087458;0,5449472275912024;0,002587310862727058;0,8399053946062011;14,0
Deputado Estadual;RS;14014;SAUAN ROCKENBACH;NÃO ELEITO;1920;0,03143935765462392;231;0,03748101128472223;PORTO ALEGRE;15,3125;0,5013817849247707;0,011458718772007305;1,7291689181886956;4,0
Deputado Estadual;PR;14144;JOÃO GABRIEL;NÃO ELEITO;1816;0,02938387229924432;168;0,1209300830600244;MEDIANEIRA;29,35022026431718;0,02053485385707983;0,010234791528117498;1,5867329552901293;5,0
Deputado Estadual;AL;14000;LUCIANO VENTURA;NÃO ELEITO;1781;0,09875932557528277;93;0,2987921352122551;MACEIÓ;53,73385738349242;0,8793110218055605;0,06632900078209378;2,6664870044316684;1,0
Deputado Estadual;PR;14999;PAULO DI MELO;NÃO ELEITO;1663;0,026908248696940144;53;0,7835302608613272;CURITIBA;88,45460012026459;0,6872874019965662;0,009372499070076762;1,453048956303681;6,0
Deputado Estadual;RS;14111;JOÃO PAULO;NÃO ELEITO;1594;0,026101216719515898;212;0,036526560549362486;PORTO ALEGRE;14,052697616060225;0,03704695439960021;0,009513123813843564;1,43557044562124;5,0
Deputado Estadual;SP;14333;MONIELLE FREITAS;SUPLENTE;1529;0,0065650454310589934;94;0,14254904418221773;SÃO VICENTE;23,675604970569;0,06796287643876142;0,0019010083176884535;0,6171145354891309;15,0
Deputado Estadual;PR;14042;ADRIANO FRITZ;NÃO ELEITO;1513;0,024481166733896838;146;0,1396974185829006;CASTRO;30,006609385327163;0,07343978378850408;0,008527114307291726;1,3219862121993202;7,0
Deputado Estadual;RS;14777;PAULA SILVA;NÃO ELEITO;1463;0,023956135546205622;172;0,05927809644038014;PORTO ALEGRE;18,591934381408066;0,5496387366424789;0,008731304980961816;1,3175906913073236;6,0
Deputado Estadual;SP;14222;CAIO SANTANA;SUPLENTE;1455;0,006247312689464248;180;0,28592907499911435;SÃO PAULO;53,12714776632303;0,520971038372184;0,0018090039909984955;0,5872476449553208;16,0
Deputado Estadual;SC;14500;ADEMIR LIMA;NÃO ELEITO;1413;0,033082936322488626;119;0,19736107292059532;BRUSQUE;43,31210191082803;-0,02055993823989463;0,010640460860725178;1,323318692227727;5,0
Deputado Estadual;PE;14444;GUSTAVO SANTANA;NÃO ELEITO;1404;0,026751555219954374;152;0,05453385118627284;RECIFE;19,017094017094017;0,19307684733017266;0,01635124905374716;1,3108264555402025;3,0
Deputado Estadual;PR;14555;WAGNER JR.;NÃO ELEITO;1263;0,020436030128824657;177;0,06982771104503661;CURITIBA;19,08155186064925;0,0487890381976477;0,00711813970265;1,1035483053587187;8,0
Deputado Estadual;SP;14771;ADVOGADO JOÃO;SUPLENTE;1228;0,005272646036193881;156;0,19414794851934766;FRANCA;37,05211726384365;-0,0040241083743554696;0,0015267745023684897;0,495628940209714;17,0
Deputado Estadual;PR;14143;ALINE FRANZON;NÃO ELEITO;1215;0,019659363900650796;128;0,10950024555877322;ARAPONGAS;22,79835390946502;0,11868707326121418;0,006847616578558788;1,0616082272453233;9,0
Deputado Estadual;SP;14016;KAREN GREGORIS;SUPLENTE;1190;0,005109485979699282;98;0,4065489725301885;RIBEIRÃO PRETO;63,109243697478995;-0,04895870315254458;0,0014795290373114845;0,4802918883139737;18,0
Deputado Estadual;SP;14443;GIULIA LUNA;SUPLENTE;1159;0,004976381723085267;126;0,31530930609455504;SÃO PAULO;55,73770491803279;0,6074085301968905;0,0014409866842386642;0,4677800828200802;19,0
Deputado Estadual;SC;14777;RICARDO BECKER;NÃO ELEITO;1153;0,026995488733071043;141;0,06565849937829517;JOINVILLE;21,769297484822204;0,4873583151472991;0,008682555819119695;1,0798205606076214;6,0
Deputado Estadual;SC;14141;BYANCA DOLZAN;NÃO ELEITO;1120;0,026222851154414195;140;0,07915816326530614;FLORIANÓPOLIS;24,732142857142858;0,5212379850252861;0,008434052486915923;1,0489150285173774;7,0
Deputado Estadual;SP;14110;ISIS DELBONI;SUPLENTE;1061;0,004555600524757091;120;0,17776784833897566;SANTO ANDRÉ;30,914231856738926;0,24156579050080912;0,0013191431164600715;0,4282266331942236;20,0
Deputado Estadual;SC;14111;YOLANDA SILVA;NÃO ELEITO;1050;0,024583922957263308;147;0,03822766439909297;JOINVILLE;12,095238095238095;0,3946477543039003;0,007906924206483678;0,9833578392350413;8,0
Deputado Estadual;SP;14321;RAPHAELA SPADI;SUPLENTE;999;0,004289392011529061;147;0,1475419363307251;SÃO PAULO;36,03603603603604;0,2363785127048893;0,001242058410314431;0,4032030222064367;21,0
Deputado Estadual;MG;14087;GUSTAVO CALDEIRA;NÃO ELEITO;897;0,007931507147287116;227;0,03702792287931157;BELO HORIZONTE;15,719063545150501;0,33831245441879865;0,003629932985852569;0,6107275624004248;6,0
Deputado Estadual;PE;14114;ADRIANO ANDREWS;NÃO ELEITO;883;0,01682451799089723;117;0,08564568693414938;RECIFE;22,650056625141563;0,5451105165508374;0,010283584696907938;0,8244015386339022;4,0
Deputado Estadual;PR;14011;ERICA GONÇALVES;NÃO ELEITO;841;0,013607839539462815;103;0,22884963684872067;FOZ DO IGUAÇU;45,0653983353151;0,11365321546339655;0,004739790570014766;0,7348251186117835;10,0
Deputado Estadual;RJ;14192;RUI SALDANHA;NÃO ELEITO;816;0,009623203241226935;59;0,1955317666282199;RIO DE JANEIRO;42,40196078431372;0,3505097620578339;0,0038519091969052553;0,6736230352661471;6,0
Deputado Estadual;SP;14001;AFONSO SILVA;SUPLENTE;808;0,0034692980433588404;150;0,12705862170375454;SÃO PAULO;28,217821782178216;-0,024932841281738;0,0010045877833173777;0,32611415609889977;22,0
Deputado Estadual;MG;14123;LILIANE REZENDE;NÃO ELEITO;797;0,007047281155393346;192;0,04230261221109903;BELO HORIZONTE;15,809284818067754;0,2766001781761551;0,0032252581825245232;0,5426419924561189;7,0
Deputado Estadual;PR;14123;RUBENS NASCIMENTO;NÃO ELEITO;786;0,012717909486346936;95;0,14400546458701577;CURITIBA;33,587786259541986;0,3960635397020503;0,004429816156993586;0,6867687791068511;11,0
Deputado Estadual;MG;14555;GUILHERME RESENDE;NÃO ELEITO;776;0,006861593697095654;197;0,0425789138059305;BELO HORIZONTE;14,561855670103093;0,26948230509932236;0,0031402764738256337;0,5283440227678146;8,0
Deputado Estadual;SP;14555;SARGENTO SOUSA SP;SUPLENTE;768;0,003297550615469789;139;0,14831203884548616;SÃO PAULO;28,125;0,08692389859497841;0,0009548557148363194;0,3099698909454889;23,0
Deputado Estadual;PR;14039;ALESSANDRA LIMA;NÃO ELEITO;758;0,012264854186578852;118;0,10402670546710202;CURITIBA;29,155672823218996;0,6018537860489303;0,004272011001273713;0,6623037335407037;12,0
Deputado Estadual;SC;14144;MARCO A BENEDET PÉRICO;NÃO ELEITO;744;0,017419465409718;125;0,06653225806451613;CRICIÚMA;20,161290322580644;0,3362696799979367;0,005602620580594149;0,6967792689436864;9,0
Deputado Estadual;RN;14777;RAYANNE FIGUEIREDO;NÃO ELEITO;720;0,03714578016198656;100;0,17831790123456798;NATAL;38,888888888888886;0,6448567948090149;0,02041915997844644;0,8914973440808291;2,0
Deputado Estadual;PE;14190;SARGENTO BIGODE;NÃO ELEITO;707;0,013471046681273321;90;0,12243497536255951;RECIFE;30,26874115983027;0,5815339870815502;0,008233855470797182;0,6600814131530791;5,0
Deputado Estadual;SP;14567;INGRID CARDOSO;SUPLENTE;666;0,0028595946743527074;123;0,1084462841219598;SOCORRO;24,924924924924923;-0,035344371023678704;0,0008280389402096207;0,26880201480429117;24,0
Deputado Estadual;SC;14100;NILSON VICENTI;NÃO ELEITO;654;0,015312272013381147;84;0,2317004741463962;JOINVILLE;46,48318042813456;0,3657893130533303;0,004924884220038405;0,6124914541521114;10,0
Deputado Estadual;SC;14555;MAURÍCIO COUTO;NÃO ELEITO;623;0,014586460954642897;96;0,0630074021781418;NAVEGANTES;15,088282504012842;0,13794957860649493;0,004691441695846982;0,5834589846127911;11,0
Deputado Estadual;MG;14001;JOSÉ AREAL;NÃO ELEITO;612;0,005411463070389871;145;0,12770195224059122;BELO HORIZONTE;34,31372549019608;0,496802151446127;0,0024766097963676388;0,41668368805915273;9,0
Deputado Estadual;PE;14777;ALBERES PAES;NÃO ELEITO;596;0,01135607329849915;72;0,30112382325120496;CABO DE SANTO AGOSTINHO;52,68456375838926;0,023579910899863627;0,006941128515693239;0,5564476976509691;6,0
Deputado Estadual;SP;14111;RICARDO NERY;SUPLENTE;571;0,0024516945331162104;144;0,17000009201296773;SÃO PAULO;40,63047285464098;0,19187809754558469;0,0007099252775671072;0,23045938506494032;25,0
Deputado Estadual;PR;14141;DYAMOND PIRES;NÃO ELEITO;544;0,008802217252637065;115;0,09043171496539795;CURITIBA;26,28676470588235;0,12578162881021915;0,0030659287397003954;0,4753208852851488;13,0
Deputado Estadual;MG;14700;FELIPE SOUZA CRUZ;NÃO ELEITO;535;0,004730609056631668;139;0,08792732989780769;BELO HORIZONTE;26,542056074766354;0,4260803483225384;0,002165010197805044;0,3642577992020371;10,0
Deputado Estadual;PR;14007;CARLOS EDUARDO;NÃO ELEITO;521;0,008430064684970425;53;0,26294848604300747;SARANDI;39,34740882917466;0,07908190581969975;0,0029363030760733567;0,4552245978558135;14,0
Deputado Estadual;SP;14122;PROFª FÁTIMA PACHECO;SUPLENTE;520;0,0022327165625576698;105;0,2886094674556213;SÃO PAULO;53,26923076923077;0,43474963855276383;0,0006465168902537578;0,20987544699434144;26,0
Deputado Estadual;AL;14014;LARISSA ARAÚJO;NÃO ELEITO;508;0,028169420209008224;62;0,3219511439022877;MACEIÓ;55,90551181102362;0,7979815951448921;0,018919220885628096;0,760570128159061;2,0
Deputado Estadual;PR;14041;LUDE RIESEMBERG;NÃO ELEITO;495;0,008009370478042918;47;0,33034588307315577;GUARATUBA;54,54545454545455;-0,011878994037931793;0,0027897697171906173;0,43250705554439095;15,0
Deputado Estadual;PR;14100;ODENILSON VICENTE;NÃO ELEITO;486;0,00786374556026032;54;0,31093667970668437;APUCARANA;54,11522633744856;0,023505649171280014;0,0027390466314235152;0,4246432908981293;16,0
Deputado Estadual;AL;14141;SARGENTO XAVIER;NÃO ELEITO;477;0,02645042015688371;65;0,31355563466635034;MACEIÓ;54,926624737945495;0,815620698339539;0,0177647015008752;0,7141573841178585;3,0
Deputado Estadual;PR;14714;GRACI MOREIRA;NÃO ELEITO;469;0,00758867627111541;43;0,48514509390301;GUAÍRA;68,65671641791045;-0,02581336954416483;0,002643236358307878;0,4097895132329684;17,0
Deputado Estadual;SC;14077;MAURICIO CORREA;NÃO ELEITO;447;0,01046572720180638;78;0,0652773398595659;ITUPORANGA;13,422818791946309;-0,03986565876098687;0,003366090590760194;0,418629480131489;12,0
Deputado Estadual;SP;14100;JONAS BOTAN;SUPLENTE;446;0,0019149838209629243;92;0,16390838343823522;JUNDIAÍ;28,923766816143498;0,15407699041536957;0,0005545125635638001;0,18000855646053132;27,0
Deputado Estadual;MG;14270;PAULO LEAL;NÃO ELEITO;425;0,0037579604655485215;88;0,2264858131487889;UBERLÂNDIA;45,88235294117647;0,1457760890888234;0,0017198679141441936;0,2893636722633005;11,0
Deputado Estadual;SP;14115;BRUNA SILVA;SUPLENTE;414;0,001777585878651683;71;0,22927022800998853;SÃO PAULO;46,13526570048309;0,23459345250917008;0,0005147269087789534;0,1670931443378026;28,0
Deputado Estadual;SP;14060;BRUNO BRAZ;SUPLENTE;413;0,0017732921929544568;46;0,19232685892512705;SÃO PAULO;29,297820823244553;0,2641136944812001;0,0005134836070669269;0,16668953770896733;29,0
Deputado Estadual;PR;14111;FELIPE DE CASTILHO;NÃO ELEITO;402;0,006504579660956067;74;0,14607311700205444;PONTA GROSSA;32,83582089552239;0,19795804964920657;0,002265631164263895;0,3512481541996872;18,0
Deputado Estadual;PR;14222;IVO ARTHUR;NÃO ELEITO;382;0,006180968732550292;71;0,09702310791919082;CURITIBA;21,20418848167539;0,020110884999076838;0,002152913195892557;0,33377312165243905;19,0
Deputado Estadual;PE;14222;DAYANE CRUZ;NÃO ELEITO;376;0,007164234161469263;70;0,11403632865550023;JABOATÃO DOS GUARARAPES;24,20212765957447;0,29279662815763613;0,004378966983054795;0,35104754079994027;7,0
Deputado Estadual;SP;14356;WILLIAM BARBOSA;SUPLENTE;374;0,0016058384507626315;43;0,2976350481855359;SÃO BERNARDO DO CAMPO;51,336898395721924;0,22344899641383187;0,0004649948402978951;0,15094887918439173;30,0
Deputado Estadual;PR;14321;DANIEL AGUIAR;NÃO ELEITO;371;0,006002982721927116;100;0,054206232154663206;CURITIBA;17,78975741239892;0,057200038737171215;0,0020909183132883213;0,3241618537514526;20,0
Deputado Estadual;SC;14040;CARLOS ANTUNES;NÃO ELEITO;371;0,008686319444899702;99;0,03642083390850111;SÃO JOSÉ;13,20754716981132;0,1518468243036606;0,0027937798862908993;0,34745310319638123;13,0
Deputado Estadual;SP;14700;ANTONIA SOUSA;SUPLENTE;362;0,0015543142223959161;100;0,15791642501755135;SÃO PAULO;38,39779005524862;0,26498480430536037;0,0004500752197535776;0,14610559963836847;31,0
Deputado Estadual;PR;14214;FRANCYELLY IENE GOMES ENGEE;NÃO ELEITO;357;0,0057764550720430735;64;0,15944416982479265;PONTA GROSSA;32,49299719887955;0,23405697523176067;0,0020120157354283847;0,31192933096837894;21,0
Deputado Estadual;SP;14577;DIEGO MIRANDA;SUPLENTE;353;0,0015156710511208796;65;0,19440810856358695;SÃO PAULO;41,92634560906516;0,2625779710749667;0,0004388855043453395;0,142473139978851;32,0
Deputado Estadual;PR;14333;MATHEUS MANHOLER;NÃO ELEITO;349;0,005647010700680764;63;0,25811774944376487;MARINGÁ;49,570200573065904;0,1038418499839578;0,0019669285480798495;0,3049393179494797;22,0
Deputado Estadual;SP;14211;ALEX INHOTA;SUPLENTE;344;0,001477027879845843;59;0,32260681449432116;BARRETOS;54,94186046511628;-0,06909986212585874;0,0004276957889371014;0,13884068031933355;33,0
Deputado Estadual;SP;14003;CHARLES RIBEIRO;SUPLENTE;344;0,001477027879845843;47;0,45602352623039477;SÃO PAULO;67,15116279069767;0,31054149519670154;0,0004276957889371014;0,13884068031933355;33,0
Deputado Estadual;SP;14023;LUÍS VALDIVIA;SUPLENTE;342;0,0014684405084513905;53;0,21339899456242947;MOGI DAS CRUZES;41,228070175438596;0,10214550656996361;0,00042520918551304846;0,13803346706166303;35,0
Deputado Estadual;PR;14114;NATALIE FACCO;NÃO ELEITO;338;0,005469024690057589;83;0,09969889009488461;CURITIBA;28,994082840236686;0,18535782064678089;0,0019049336654756136;0,2953280500484932;23,0
Deputado Estadual;SP;14999;RAFAEL LUSTOZA;SUPLENTE;329;0,0014126225943874486;43;0,45565913101320205;MAUÁ;66,8693009118541;0,09860833158429881;0,0004090462632567045;0,13278658088680448;36,0
Deputado Estadual;SP;14414;EVANDRO ORLANDINO;SUPLENTE;324;0,0013911541659013171;83;0,1385269013869837;SÃO PAULO;32,71604938271605;0,15596101550056007;0,0004028297546965722;0,13076854774262814;37,0
Deputado Estadual;PR;14777;BRUNO VIEIRA;NÃO ELEITO;313;0,00506451102955037;86;0,09312129347038349;CURITIBA;25,559105431309906;0,3140927611143988;0,0017640362050114408;0,27348425936443305;24,0
Deputado Estadual;SP;14010;CLAUDIA BUENO;SUPLENTE;308;0,0013224551947456965;64;0,21253584078259405;PIRACICABA;35,714285714285715;0,02172044510929251;0,0003829369273041489;0,12431084168126377;38,0
Deputado Estadual;SP;14446;VINICIUS RODRIGUES;SUPLENTE;287;0,0012322877951039446;46;0,19761075161772024;SÃO PAULO;36,23693379790941;0,18514916101069084;0,0003568275913515933;0,11583510247572307;39,0
Deputado Estadual;SP;14018;GABRIEL LIMA (KAPO);SUPLENTE;286;0,0012279941094067183;40;0,23274976771480266;SÃO PAULO;41,95804195804196;0,2677636451524166;0,0003555842896395668;0,11543149584688779;40,0
Deputado Estadual;PE;14333;CIRO MARQUES;NÃO ELEITO;269;0,005125476035731999;72;0,11385967579220851;GARANHUNS;29,739776951672862;0,19705819162819274;0,003132824783089734;0,25114837360421255;8,0
Deputado Estadual;SP;14008;TAMIRES RODRIGUES;SUPLENTE;268;0,0011507077668566452;53;0,12519492091779905;TAUBATÉ;27,98507462686567;0,03129134358467934;0,0003332048588230906;0,10816657652785289;41,0
Deputado Estadual;SP;14005;LUIS ACUÑA;SUPLENTE;251;0,001077715110003798;34;0,5653084871668702;SÃO PAULO;74,9003984063745;0,4638418868253451;0,0003120687297186408;0,10130526383765327;42,0
Deputado Estadual;PE;14214;IONE NASCIMENTO;NÃO ELEITO;246;0,0046872383077697834;33;0,2492563950029744;RECIFE;43,49593495934959;0,5824054556891957;0,0028649624410411693;0,22967472084251409;9,0
Deputado Estadual;SP;14456;LUIZ MOURÃO;SUPLENTE;240;0,001030484567334309;46;0,27118055555555554;SÃO PAULO;50,0;0,20790227211696002;0,00029839241088634976;0,09686559092046527;43,0
Deputado Estadual;PR;14500;KELVEN ALCANTARA;NÃO ELEITO;235;0,00380242840876785;56;0,14357627885921231;LONDRINA;31,06382978723404;0,17509062645983242;0,0013244361283632224;0,2053316324301654;25,0
Deputado Estadual;SP;14334;PROF. EDUARDO GABRIEL;SUPLENTE;234;0,0010047224531509512;39;0,4944480970121995;SÃO PAULO;70,08547008547009;0,5507635548035555;0,00029093260061419107;0,09444395114745364;44,0
Deputado Estadual;SC;14123;ORLEI CORREIA;NÃO ELEITO;233;0,005455289570516525;68;0,07973991047910257;CHAPECÓ;22,746781115879827;-0,07050159257826304;0,001754584133438759;0,21821178718263295;14,0
Deputado Estadual;SP;14055;ANDERSON PÊ;SUPLENTE;233;0,001000428767453725;44;0,21626848901250711;DIADEMA;39,48497854077253;0,09739072830724783;0,0002896892989021646;0,09404034451861837;45,0
Deputado Estadual;PR;14700;THIAGO MALDONADO;NÃO ELEITO;229;0,0037053451302461174;29;0,44154383020918747;LONDRINA;65,50218340611353;0,06539416770076796;0,001290620737851821;0,20008912266599096;26,0
Deputado Estadual;SP;14590;ENZO ZIBELLINI;SUPLENTE;226;0,000970372967573141;58;0,260670373560968;SÃO PAULO;50,442477876106196;0,3381514116980955;0,0002809861869179794;0,09121509811677148;46,0
Deputado Estadual;SP;14030;ISABELLA PAIXÃO;SUPLENTE;221;0,0009489045390870096;52;0,3946479392313835;SÃO PAULO;62,44343891402715;0,37948448644614985;0,0002747696783578471;0,08919706497259511;47,0
Deputado Estadual;PR;14446;LUCAS BACKES;NÃO ELEITO;220;0,0035597202124635187;70;0,07326446280991734;FRANCISCO BELTRÃO;22,272727272727273;0,005477058986054149;0,001239897652084719;0,19222535801972931;27,0
Deputado Estadual;SP;14028;CAROLINE BATISTA;SUPLENTE;220;0,0009446108533897832;54;0,1767768595041322;SÃO PAULO;38,63636363636363;0,28834456694849464;0,00027352637664582066;0,08879345834375983;48,0
Deputado Estadual;PE;14100;JOSI MELO;NÃO ELEITO;213;0,0040584624372153;41;0,158852961273116;OLINDA;27,230046948356808;0,37289432296318026;0,0024806382111454027;0,19886469731485976;10,0
Deputado Estadual;SP;14378;TECA FERRARI;SUPLENTE;195;0,000837268710959126;23;0,34695595003287305;SÃO PAULO;49,23076923076923;0,045999270217342556;0,00024244383384515922;0,07870329262287803;49,0
Deputado Estadual;SP;14337;MONICA RAMIRES;SUPLENTE;187;0,0008029192253813157;44;0,3574308673396437;SÃO PAULO;59,35828877005348;0,4412665364771753;0,00023249742014894755;0,07547443959219587;50,0
Deputado Estadual;PR;14021;EDUARDO GOMES;NÃO ELEITO;181;0,0029286789020722586;33;0,25747077317542205;LONDRINA;46,96132596685083;0,08847036423971034;0,0010200976137606096;0,15814904455259549;28,0
Deputado Estadual;SP;14562;KAROLINA HALLER;SUPLENTE;168;0,0007213391971340163;70;0,15249433106575958;SÃO PAULO;38,095238095238095;0,11297848213501249;0,00020887468762044486;0,0678059136443257;51,0
Deputado Estadual;SP;14300;JONATHAN MATEUS;SUPLENTE;153;0,000656933911675622;45;0,09445085223631935;NOVA ODESSA;16,33986928104575;-0,020547636342078297;0,000190225161940048;0,06175181421179662;52,0
Deputado Estadual;SP;14012;LUCAS ALVES;SUPLENTE;151;0,0006483465402811695;41;0,3930090785491864;SÃO PAULO;62,25165562913907;0,2550320742178396;0,00018773855851599507;0,06094460095412607;53,0
Deputado Estadual;PR;14131;MATEUS PEPICE;NÃO ELEITO;150;0,0024270819630433085;53;0,09235555555555557;CASCAVEL;25,333333333333332;0,06671863021423483;0,0008453847627850356;0,1310627441043609;29,0
Deputado Estadual;PE;14999;LUCAS TATAL;NÃO ELEITO;136;0,0025913187392548396;38;0,2551903114186852;CARUARU;49,26470588235294;0,08793742043311022;0,0015838816747219472;0,12697464241699966;11,0
Deputado Estadual;SP;14678;BRUNO ALVES;SUPLENTE;130;0,0005581791406394174;36;0,20508875739644972;SÃO PAULO;37,69230769230769;0,031579018579538376;0,00016162922256343946;0,05246886174858536;54,0
Deputado Estadual;SP;14025;TATIEH FONSECA;SUPLENTE;129;0,0005538854549421911;25;0,513130220539631;SÃO PAULO;71,31782945736434;0,41785523515922324;0,000160385920851413;0,05206525511975009;55,0
Deputado Estadual;PR;14914;RAPHAEL LACERDA;NÃO ELEITO;128;0,0020711099417969566;34;0,224609375;CURITIBA;46,09375;0,3379621177494009;0,0007213949975765637;0,11184020830238796;30,0
Deputado Estadual;SP;14345;JESSYCA SALUSTIANO;SUPLENTE;126;0,0005410043978505123;32;0,11048122952884856;JACAREÍ;22,22222222222222;0,0785881139715634;0,00015665601571533363;0,05085443523324427;56,0
Deputado Estadual;SP;14031;JULIANA SACCARDO;SUPLENTE;125;0,0005367107121532859;40;0,109248;SÃO PAULO;26,4;0,10357394895194554;0,00015541271400330717;0,050450828604409;57,0
Deputado Estadual;SP;14399;KAREN LORRAYNE;SUPLENTE;117;0,0005023612265754756;50;0,11169552195193219;BARRETOS;25,641025641025642;-0,05220778091122633;0,00014546630030709554;0,04722197557372682;58,0
Deputado Estadual;SP;14877;DARLAN ALEXANDRE;SUPLENTE;97;0,0004164875126309499;39;0,13338293123605058;SÃO PAULO;34,02061855670103;0,15539522272206127;0,00012060026606656638;0,039149842997021386;59,0
Deputado Estadual;PE;14614;MARIA HELENA;NÃO ELEITO;96;0,0018291661688857692;23;0,19661458333333331;CABO DE SANTO AGOSTINHO;36,458333333333336;0,09245925333729234;0,0011180341233331392;0,08962915935317624;12,0
Deputado Estadual;SP;14876;KELLVIN MILLER;SUPLENTE;75;0,00032202642729197155;37;0,10293333333333334;REGISTRO;22,666666666666668;-0,038006170346719895;9,324762840198431e-05;0,0302704971626454;60,0
Deputado Estadual;PR;14244;STUCHI;NÃO ELEITO;26;0,0004206942069275068;14;0,14201183431952663;CURITIBA;30,76923076923077;0,26229278653817567;0,00014653335888273949;0,022717542311422555;31,0
Deputado Estadual;SC;14140;GABRIEL OLIVEIRA;NÃO ELEITO;0;0,0;0;;;;;0,0;0,0;15,0
Deputado Estadual;SP;14789;DR. XAVIER;SUPLENTE;0;0,0;0;;;;;0,0;0,0;61,0
Deputado Federal;SP;1414;KIM KATAGUIRI;ELEITO;520071;2,1967849541449955;645;0,11893119229374592;SÃO PAULO;33,67328691659408;0,8427444268182404;0,6466051646753117;153,7748038899714;1,0
Deputado Federal;SP;1400;ANA HERING;SUPLENTE;51768;0,21866853469272104;577;0,13048218158444078;SÃO PAULO;35,266960284345544;0,8212485819200526;0,06436324302818565;15,306783204170276;2,0
Deputado Federal;RJ;1414;VICTOR ANTOUN;NÃO ELEITO;49934;0,5710820056330502;92;0,21608756265443857;RIO DE JANEIRO;45,17963712099972;0,883151735937057;0,23571229637042526;26,269715175555813;1,0
Deputado Federal;RS;1414;EVANDRO AUGUSTO;NÃO ELEITO;48835;0,803039364632821;484;0,04964196923780208;SANTA CRUZ DO SUL;18,920855943483158;0,06501604838784963;0,291451318349467;24,894224397206504;1,0
Deputado Federal;SP;1477;GUTO ZACARIAS;SUPLENTE;41423;0,17497115423768705;539;0,1685596145196345;SÃO PAULO;40,39543248919682;0,8014447269914036;0,051501286817271945;12,247969414818911;3,0
Deputado Federal;PR;1414;PEDRO DEYROT;NÃO ELEITO;37118;0,597018382305043;394;0,0931180806019209;CURITIBA;28,53602025971227;0,9225468265696128;0,20919327750036634;17,91054858835848;1,0
Deputado Federal;MG;1414;CARLOS HENRIQUE DIAS;NÃO ELEITO;33881;0,2977201269122;817;0,04480865928678592;BELO HORIZONTE;18,845370561671732;0,8593177417873546;0,13710787011557513;15,779154247391952;1,0
Deputado Federal;SC;1414;FELIPE BARCELLOS;NÃO ELEITO;28807;0,6807754606052041;290;0,04040501268209992;FLORIANÓPOLIS;12,451834623529002;0,8426382787132595;0,21692834820588125;10,892391924951507;1,0
Deputado Federal;BA;1414;QUÉCIA REIS;NÃO ELEITO;22870;0,2761471638587479;414;0,09909561256576732;SALVADOR;30,109313511149978;0,9251244048696124;0,19462339054880903;10,769752394586398;1,0
Deputado Federal;PE;1414;MIGUEL KAZAN;NÃO ELEITO;15616;0,2966281907332943;185;0,07043064182018022;RECIFE;22,15676229508197;0,8321812641971161;0,18186688406219065;7,4157089942064776;1,0
Deputado Federal;PR;1400;GABRIEL BERTOLUCCI;NÃO ELEITO;13352;0,21475805378891463;347;0,09949898781609878;CURITIBA;23,71180347513481;0,40217363056321614;0,0752505156847053;6,4427405773954;2,0
Deputado Federal;GO;1414;JOÃO NOLETO;NÃO ELEITO;10822;0,2999658512355644;231;0,11785584584896415;GOIÂNIA;31,611532064313437;0,7712083962717056;0,2000184825801682;5,099425124870417;1,0
Deputado Federal;CE;1414;GABRIEL CARVALHO;NÃO ELEITO;10226;0,18519853333483047;183;0,21359051522048028;FORTALEZA;45,49188343438295;0,8940299626474437;0,09504865829514718;4,074363306027476;1,0
Deputado Federal;RS;1404;GABRIELA COSTA;NÃO ELEITO;9043;0,14870246696784276;336;0,05440064584349348;PORTO ALEGRE;19,65055844299458;0,6100943577382554;0,053969371799615654;4,609777234031707;2,0
Deputado Federal;DF;1414;VICTOR RATTES;NÃO ELEITO;8263;0,4980540150217865;1;1,0;BRASÍLIA;100,0;;0,17688487391360191;3,984434521800349;1,0
Deputado Federal;RJ;1444;SALDANHA;NÃO ELEITO;7087;0,08105215231949027;90;0,21310498244430043;RIO DE JANEIRO;44,687455905178496;0,6742083309637978;0,03345402019420042;3,728390904977852;2,0
Deputado Federal;SC;1444;LARISSA BECKER KAMERS;NÃO ELEITO;6103;0,1442278833642365;223;0,08536586511808365;JOINVILLE;25,20072095690644;0,668045358690371;0,04595805564968561;2,3076428617342675;2,0
Deputado Federal;DF;1444;LUCAS BRASILEIRO;NÃO ELEITO;5365;0,3233764722972146;1;1,0;BRASÍLIA;100,0;;0,11484779723423384;2,5870133377052973;2,0
Deputado Federal;MT;1414;BERNARDO SABE;NÃO ELEITO;5359;0,2817976788368839;137;0,09722408752625147;CUIABÁ;26,77738384026871;0,8680444836274688;0,1615616520952668;2,254380245251667;1,0
Deputado Federal;MG;1404;JULIANA MONTRIOS;NÃO ELEITO;5308;0,04664261484755343;516;0,06308630274133711;BELO HORIZONTE;23,134890730972117;0,6887643012271074;0,02148013856065266;2,4720566318926975;2,0
Deputado Federal;SP;1422;GABRIEL PIAUHY LIMA DA SILVA;SUPLENTE;5169;0,021833906193530272;268;0,12246815986834023;SÃO PAULO;29,715612304120718;0,005664289364575531;0,006426626549464759;1,5283720132583094;4,0
Deputado Federal;PR;1444;DARLON PARANÁ POP;NÃO ELEITO;4460;0,07173613839863387;201;0,393347342596875;FOZ DO IGUAÇU;61,39013452914798;0,08690252145515591;0,02513610694680839;2,1520838058106264;3,0
Deputado Federal;ES;1400;PEDRO FRANCEZ;NÃO ELEITO;3919;0,18356100862535335;77;0,11181496756108858;VILA VELHA;20,64302117887216;0,8636686155142196;0,07361559846720264;1,835614385146465;1,0
Deputado Federal;PA;1414;JOHN ROBERT;NÃO ELEITO;3791;0,07845227789944906;139;0,11188718981446914;BELÉM;30,809812714323396;0,8401628969177815;0,045042476088635416;1,3336898282843563;1,0
Deputado Federal;SE;1414;DAVI VALENÇA;NÃO ELEITO;3750;0,2921243281140453;75;0,20444273777777774;ARACAJU;43,17333333333333;0,9277049457456159;0,1751927119831815;2,337001906993556;1,0
Deputado Federal;GO;1400;GUILHERME KHALIL;NÃO ELEITO;3744;0,10377676464848948;179;0,11644471610417123;GOIÂNIA;30,982905982905983;0,8176495586948921;0,0691987801497089;1,7642069550466497;2,0
Deputado Federal;ES;1414;CABO ROGÉRIO PERESTELO;NÃO ELEITO;3671;0,17194500195551726;77;0,07764769122190678;SERRA;14,519204576409697;0,5465018608570287;0,0689570967014802;1,7194540464079289;2,0
Deputado Federal;SP;1419;PROF. GERALDO ALMEIDA;SUPLENTE;3503;0,014796706015851526;117;0,561271611812851;SOROCABA;74,5932058235798;0,07625562612843037;0,004355285897228681;1,035768458588481;5,0
Deputado Federal;CE;1400;SOPHIA FECHINE;NÃO ELEITO;3348;0,06063413745403994;168;0,22493537396030935;FORTALEZA;46,385902031063324;0,8437179222306538;0,03111900136633608;1,3339495744748668;2,0
Deputado Federal;SC;1400;ANDIARA FERREIRA;NÃO ELEITO;2549;0,06023871451670307;171;0,04874056565078867;FLORIANÓPOLIS;9,80776775205963;0,39670033762867535;0,0191949998117399;0,9638180656334012;3,0
Deputado Federal;DF;1441;CAMILA CORRÊA;NÃO ELEITO;2520;0,15189351541267118;1;1,0;BRASÍLIA;100,0;;0,05394528406901571;1,2151488557348276;3,0
Deputado Federal;AL;1414;RONALD ALVES;NÃO ELEITO;2491;0,13851655498039583;97;0,2640373268294162;MACEIÓ;50,4616619831393;0,875292789611582;0,09277121894901494;1,246646915161949;1,0
Deputado Federal;PB;1414;CATARINA NEVES;NÃO ELEITO;2473;0,10304385634861407;193;0,13346814419016934;JOÃO PESSOA;34,16902547513142;0,7659750744690662;0,05853670083082822;1,2365247304946099;1,0
Deputado Federal;MG;1400;ENZO DANGELO;NÃO ELEITO;2431;0,021361755217483493;423;0,03900276170220758;BELO HORIZONTE;16,577540106951872;0,3954905137899616;0,009837644468904788;1,132172131147541;3,0
Deputado Federal;MS;1414;MATEUS QUADROS;NÃO ELEITO;2382;0,167656511083489;76;0,16717848177028807;CAMPO GRANDE;37,02770780856423;0,6121760861670358;0,07479511413947938;1,3412539767448408;1,0
Deputado Federal;BA;1444;IGOR NOVAES;NÃO ELEITO;2379;0,028725583857453486;282;0,07825637703875567;VITÓRIA DA CONQUISTA;22,57250945775536;0,21510944093257342;0,020245257810040083;1,1202991231622668;2,0
Deputado Federal;MS;1444;RODRIGO CORREA;NÃO ELEITO;2318;0,1631518861005573;73;0,4157335657989654;CAMPO GRANDE;64,10698878343399;0,8052694344763957;0,07278550569912394;1,3052169261522002;2,0
Deputado Federal;RO;1414;ROGÉRIO KRAUSE;NÃO ELEITO;2280;0,24438896862495832;50;0,1253939673745768;PORTO VELHO;30,219298245614034;0,3971371487302276;0,11883045812268724;1,9551180359638818;1,0
Deputado Federal;RJ;1400;MICHEL KOURI;NÃO ELEITO;2231;0,02551535936570944;80;0,24924955212209846;RIO DE JANEIRO;48,76736889287315;0,7693340495039231;0,010531384091048559;1,1737039803874116;3,0
Deputado Federal;RS;1400;LUIZ GRACIANO PRADO;NÃO ELEITO;2107;0,0346473623688206;226;0,044082722878447306;PORTO ALEGRE;13,194114855244424;0,5089156514296987;0,012574750235739266;1,0740684100525055;3,0
Deputado Federal;PR;1404;ALAN LEAL;NÃO ELEITO;2042;0,032844214038118914;186;0,13861839662868208;CURITIBA;35,504407443682666;0,7439694458387531;0,011508504570713618;0,9853262626603809;4,0
Deputado Federal;RN;1414;VIVIANE AVELINO;NÃO ELEITO;2040;0,10367434060070133;144;0,1038110342176086;NATAL;28,333333333333332;0,33946850303031534;0,05785428660559825;0,8293964108276888;1,0
Deputado Federal;MG;1466;DR. PAULO MEDINA;NÃO ELEITO;2032;0,017855650597254816;358;0,04628890507781015;BELO HORIZONTE;18,94685039370079;0,364079959941461;0,008222992003625886;0,9463487332339792;4,0
Deputado Federal;SP;1456;CAIO MENDONÇA;SUPLENTE;1946;0,008219922896616348;175;0,09899031296178738;SANTOS;19,321685508735868;0,05474115656735981;0,0024194651316034863;0,5753940680597156;6,0
Deputado Federal;PI;1414;ANGELO CARVALHO;NÃO ELEITO;1945;0,09222104792507384;185;0,23549381777810083;TERESINA;47,86632390745501;0,818534959371566;0,06026522897688542;0,9222117910348686;1,0
Deputado Federal;PB;1477;ALINE GREY;NÃO ELEITO;1937;0,0807100484218623;181;0,1514775308644607;JOÃO PESSOA;36,241610738255034;0,8053492830647151;0,04584940942552134;0,9685193703874078;2,0
Deputado Federal;RS;1433;MICHEL PADÃO;NÃO ELEITO;1934;0,03180256232619793;210;0,0801843460889819;PORTO ALEGRE;26,26680455015512;0,538025089791067;0,011542271929719858;0,9858795942294948;4,0
Deputado Federal;MA;1477;DANIEL LOPES;NÃO ELEITO;1894;0,04770723175135414;174;0,0797165282685611;SÃO LUÍS;24,868004223864837;0,8118936783870752;0,031365924748277686;0,8587310367341017;1,0
Deputado Federal;AM;1414;ELIABE CAMPOS;NÃO ELEITO;1864;0,08797029775397294;55;0,5966568964246898;MANAUS;77,0922746781116;0,9289823202205026;0,05264049703473595;0,7037627141681329;1,0
Deputado Federal;RS;1499;ALLAN AGUIAR;NÃO ELEITO;1794;0,029500412002688253;217;0,04902940434422183;PORTO ALEGRE;18,561872909698998;0,589405103910211;0,010706740352594326;0,9145129224652088;5,0
Deputado Federal;MT;1477;RADMAN GADIEL;NÃO ELEITO;1788;0,09402019961939698;93;0,15120064661751972;RONDONÓPOLIS;34,340044742729305;0,17566866902851477;0,053904130238167015;0,7521612014386976;2,0
Deputado Federal;MG;1426;BETHÂNIA MANSUR;NÃO ELEITO;1764;0,015500673057853099;296;0,05671955101012438;BELO HORIZONTE;18,197278911564627;0,22111148325827923;0,0071384635307067245;0,8215350223546944;5,0
Deputado Federal;DF;1400;CRIS CAIADO;NÃO ELEITO;1697;0,10228702208543769;1;1,0;BRASÍLIA;100,0;;0,03632743931155542;0,8182966699134929;4,0
Deputado Federal;SP;1401;DIEGO BENTIM;SUPLENTE;1684;0,00711323235246759;253;0,11959422481254338;SÃO PAULO;33,66983372921615;0,3811626927828762;0,0020937200830525543;0,49792580195917835;7,0
Deputado Federal;MG;1455;ROBERTA CINCOETTI;NÃO ELEITO;1644;0,014446205502897106;257;0,10151120938190042;BELO HORIZONTE;29,987834549878347;0,5200587747349713;0,006652853766713069;0,7656482861400894;6,0
Deputado Federal;RS;1444;DAIANE FERREIRA;NÃO ELEITO;1603;0,02635962120418577;230;0,03559724456133209;PORTO ALEGRE;12,414223331253899;0,2837558047055123;0,00956683655808735;0,8171483917010756;6,0
Deputado Federal;SP;1441;LUDY DIAS;SUPLENTE;1584;0,006690831381418446;211;0,11481609019487808;SÃO PAULO;31,62878787878788;0,26922589765358484;0,0019693899118499087;0,4683577614627901;8,0
Deputado Federal;RS;1432;EDUARDO MENEGOL;NÃO ELEITO;1540;0,025323653558606416;205;0,11715044695564174;PASSO FUNDO;32,467532467532465;0,04093149010782503;0,00919084734838086;0,7850333894071468;7,0
Deputado Federal;ES;1411;BOMBEIRO OLIVEIRA;NÃO ELEITO;1524;0,07138223453560563;70;0,12672480900517352;SERRA;26,509186351706038;0,7952235103209749;0,02862724472161695;0,7138240170868111;3,0
Deputado Federal;RJ;1422;DHEBORA PAIVA;NÃO ELEITO;1524;0,017429586585988876;68;0,2284472068944138;RIO DE JANEIRO;46,25984251968504;0,7988439580561832;0,007194006882455403;0,8017592407487295;4,0
Deputado Federal;ES;1444;JULIANA REDIVO;NÃO ELEITO;1523;0,07133539579903371;67;0,11494359415208862;VILA VELHA;19,17268548916612;0,8698037523795367;0,028608460440303553;0,7133556286241557;4,0
Deputado Federal;MG;1419;VALDEMAR ABRAO;NÃO ELEITO;1508;0,01325114227394698;71;0,6772632608405041;BAEPENDI;82,09549071618036;0,002660803702303219;0,006102496034186927;0,7023099850968704;7,0
Deputado Federal;MG;1445;JOÃO PAULO NAGASHI;NÃO ELEITO;1497;0,013154482748076015;313;0,03414934969025114;BELO HORIZONTE;15,16366065464262;0,09049849222143662;0,006057981805820842;0,6971870342771982;8,0
Deputado Federal;MA;1414;ANA ZENAIDE;NÃO ELEITO;1467;0,03695169428681971;164;0,09479951804967174;SÃO LUÍS;28,28902522154056;0,7834394689554013;0,024294515103338632;0,6651311673119996;2,0
Deputado Federal;PB;1444;EDUARDO WILLIAM;NÃO ELEITO;1444;0,06016794523550292;160;0,098766699150559;CAMPINA GRANDE;25,069252077562325;0,38695461172206036;0,03417994177101333;0,7220144402888058;3,0
Deputado Federal;RN;1444;ANA CLARA GURGEL;NÃO ELEITO;1419;0,07211465162372313;137;0,15834782258893573;MOSSORÓ;33,68569415081043;0,6394293067211136;0,040242761124188196;0,5769183857669071;2,0
Deputado Federal;PA;1400;JULIA DAHAS;NÃO ELEITO;1392;0,028806534116600654;108;0,2007984872506276;BELÉM;42,95977011494253;0,8325842339473934;0,016538941365175547;0,489711485352631;2,0
Deputado Federal;PR;1415;DELEGADO EDUARDO KRUGER;NÃO ELEITO;1390;0,02235722698970876;131;0,1908213860566223;ARAUCÁRIA;34,31654676258993;0,21805162093525404;0,007833898801807996;0,6707167018109351;5,0
Deputado Federal;MS;1401;GERMANO CAIRES;NÃO ELEITO;1382;0,09727174572518128;61;0,22045693964786037;CAMPO GRANDE;41,89580318379161;0,586932531378479;0,04339498225892549;0,778175061234832;3,0
Deputado Federal;PE;1400;XANDE PESSOA;NÃO ELEITO;1381;0,026232295812159287;132;0,09716169741306581;RECIFE;22,1578566256336;0,5070036774991656;0,016083386711698597;0,6558077690189001;2,0
Deputado Federal;RN;1400;ABIMAEL COSTA;NÃO ELEITO;1309;0,06652436855211669;123;0,1643689075046645;NATAL;38,273491214667686;0,6009311239257698;0,037123167238592214;0,5321960302811003;3,0
Deputado Federal;MG;1413;SGT FERNANDO;NÃO ELEITO;1294;0,011370675134275459;282;0,0569087143372455;BELO HORIZONTE;21,561051004636784;0,42702821502689664;0,00523649195506491;0,602645305514158;9,0
Deputado Federal;SC;1426;ADRIANA CUSTODIO LINO;NÃO ELEITO;1223;0,028902294175726893;135;0,04711749254042677;FLORIANÓPOLIS;11,120196238757154;0,35916263806138343;0,00920968409955194;0,4624360511061788;4,0
Deputado Federal;SP;1404;PYETRO MARTINS;SUPLENTE;1223;0,005165963875931035;175;0,15457679833713192;RIO CLARO;30,417007358953395;0,00631177594368753;0,0015205579938083575;0,36161713527082845;9,0
Deputado Federal;MG;1478;ADRIANO RENNÓ;NÃO ELEITO;1217;0,010694058453178697;252;0,04362263172570994;BELO HORIZONTE;18,241577649958916;0,22103640816457198;0,004924892356502315;0,566784649776453;10,0
Deputado Federal;AL;1400;ERIC JOHNSON;NÃO ELEITO;1207;0,06711741544011954;85;0,44678412107225934;MACEIÓ;66,52858326429163;0,8223724296406899;0,044951770883765965;0,6040557312727709;2,0
Deputado Federal;PA;1411;ROBSON CACAU;NÃO ELEITO;1198;0,024791830367591656;111;0,08485204890733306;BELÉM;21,702838063439064;0,3442142432389178;0,01423394522663815;0,4214614651238879;3,0
Deputado Federal;ES;1401;SAMIRA OLIVEIRA;NÃO ELEITO;1164;0,05452028936971454;68;0,11493871116307082;SERRA;21,391752577319586;0,625004175690142;0,02186490344879405;0,5452041705308714;5,0
Deputado Federal;MG;1444;PROFESSOR CRISTIANO;NÃO ELEITO;1159;0,010184399134949966;285;0,04263664862378014;BELO HORIZONTE;17,25625539257981;0,2568138978797218;0,0046901809705720485;0,5397727272727273;11,0
Deputado Federal;SC;1477;SANTIAGO CESAR;NÃO ELEITO;1153;0,027248033675072045;130;0,06354778702415886;BRUSQUE;19,774501300954032;0,1317079956728215;0,008682555819119695;0,4359679206258579;5,0
Deputado Federal;PE;1404;SARAH BITENCOURT;NÃO ELEITO;1130;0,02146451431407675;124;0,13194611950818388;RECIFE;32,83185840707964;0,628139344885088;0,013160193326733826;0,5366131636432709;3,0
Deputado Federal;SC;1407;ANNA VARGAS;NÃO ELEITO;1119;0,026444535717611115;129;0,09791472502337958;JOINVILLE;28,15013404825737;0,5286159425938669;0,008426522082909747;0,42311197153541624;6,0
Deputado Federal;RJ;1411;CADU MORAES;NÃO ELEITO;1094;0,012511789845847658;60;0,20697405492481846;RIO DE JANEIRO;42,96160877513711;0,37381189335950316;0,005164201790948958;0,5755410822697573;5,0
Deputado Federal;MS;1467;LUCAS VENDITE;NÃO ELEITO;1075;0,07566362276018081;63;0,20805278528934568;CAMPO GRANDE;42,51162790697674;0,5127258021537091;0,03375514177159544;0,6053098341732593;4,0
Deputado Federal;GO;1444;MAYKEL CARVALHO;NÃO ELEITO;1053;0,029187215057387663;94;0,2590337921138807;GUAPÓ;48,148148148148145;-0,03254678768321867;0,01946215691710563;0,4961832061068702;3,0
Deputado Federal;MS;1400;MAVI CUNHA;NÃO ELEITO;1025;0,07214438449226541;62;0,45764283164782865;CAMPO GRANDE;67,21951219512195;0,8521191224862683;0,03218513517756775;0,577155888397759;5,0
Deputado Federal;RS;1466;GRAZI RANCAN;NÃO ELEITO;1018;0,016739921638091775;127;0,08461832399905819;CAXIAS DO SUL;18,958742632612967;0,21718297081184335;0,006075508182241373;0,5189376561145945;8,0
Deputado Federal;PR;1456;GERUSA CORREA;NÃO ELEITO;1015;0,01632560100327654;84;0,3865786600014559;CURITIBA;60,78817733990148;0,7327668260947215;0,005720436894845408;0,4897679513223735;6,0
Deputado Federal;TO;1414;WALDESON VENCESLAU;NÃO ELEITO;995;0,11024112337366644;87;0,2931774450140147;PALMAS;52,8643216080402;0,7870721300650353;0,07663868135253793;0,881928009856321;1,0
Deputado Federal;CE;1444;UELITON BRILHOSO;NÃO ELEITO;981;0,017766454254006327;125;0,10059115030638192;MARCO;26,299694189602448;-0,08575636649409443;0,00911820201325439;0,39086156886494755;3,0
Deputado Federal;AL;1444;IVANILDO MARQUES;NÃO ELEITO;948;0,05271525255777408;80;0,27826737168188864;SÃO MIGUEL DOS CAMPOS;49,472573839662445;0,029590324263987777;0,03530594763695952;0,47443648156303797;3,0
Deputado Federal;MG;1441;JOYCE RIANELLI;NÃO ELEITO;947;0,008321506454527712;203;0,0724959272264217;JUIZ DE FORA;22,38648363252376;0,27429502443766723;0,0038322703875165918;0,44103949329359166;12,0
Deputado Federal;MG;1420;HIGOR BUIATTI;NÃO ELEITO;940;0,008259995847155279;152;0,22901991851516526;UBERLÂNDIA;46,808510638297875;0,23418969219417063;0,0038039431512836286;0,437779433681073;13,0
Deputado Federal;PR;1442;DR. GUILHERME MACHADO;NÃO ELEITO;933;0,015006685454243362;83;0,18120274925932434;PONTA GROSSA;38,049303322615216;0,14677244359009628;0,005258293224522921;0,45020049121554134;7,0
Deputado Federal;PR;1439;ANA LÚCIA;NÃO ELEITO;921;0,014813673422677531;95;0,16340756931108022;CURITIBA;35,93919652551575;0,47447765728641744;0,005190662443500118;0,44441013119990735;8,0
Deputado Federal;RS;1475;PROFESSOR DR ORLANDO FURTADO;NÃO ELEITO;902;0,014832425655755186;142;0,09032649790315683;PORTO ALEGRE;27,716186252771617;0,5283233378591881;0,005383210589765932;0,45980527093847173;9,0
Deputado Federal;PE;1444;LUCAS CAVALCANTI;NÃO ELEITO;868;0,016487786216476653;129;0,10478030962645203;OLINDA;26,267281105990783;0,23791497257996846;0,010108891865137134;0,41219489030297274;4,0
Deputado Federal;RS;1477;MAURICIO LINDOL;NÃO ELEITO;866;0,014240444143995556;124;0,044101253940231164;RIOZINHO;10,623556581986143;0,062875490842602;0,005168359612790795;0,44145384105622676;10,0
Deputado Federal;MS;1441;KELLYANNE CORREA;NÃO ELEITO;863;0,06074205250421957;66;0,3341908699207406;CAMPO GRANDE;56,894553881807646;0,8406950329921503;0,027098313812918013;0,4859371040851375;6,0
Deputado Federal;PA;1444;HENRIQUE MANOEL;NÃO ELEITO;858;0,017755751632215058;106;0,08121559869811618;BELÉM;24,825174825174827;0,20437886293436297;0,010194261272500445;0,30184802760959584;4,0
Deputado Federal;SC;1411;MARCOS BOETTCHER;NÃO ELEITO;846;0,019992919765057196;117;0,2521950047225436;JOINVILLE;49,527186761229316;0,35581359672819407;0,006370721789223992;0,3198862626621646;7,0
Deputado Federal;BA;1400;MATHEUS ROSA;NÃO ELEITO;842;0,010166852294231121;204;0,07154665116987605;SALVADOR;23,871733966745843;0,35352477505704044;0,0071654086070003144;0,39650771824406417;3,0
Deputado Federal;SP;1442;DR MARIANO SHIROMA;SUPLENTE;840;0,0035481681568128123;113;0,40227607709750557;SÃO PAULO;63,214285714285715;0,5452471701772548;0,0010443734381022243;0,24837154016966143;10,0
Deputado Federal;PA;1477;THIAGO RODRIGUES;NÃO ELEITO;828;0,017134921155564184;84;0,20343240215640973;BELÉM;40,70048309178744;0,8586160397630864;0,009837818570664765;0,2912939007700995;5,0
Deputado Federal;MG;1415;JHONATA SOUZA;NÃO ELEITO;813;0,007144017684826853;145;0,2601438191503686;CAETÉ;49,44649446494465;0,05187467927274886;0,0032900061510570105;0,37863263785394935;14,0
Deputado Federal;RO;1400;ALZENIR OLIVEIRA;NÃO ELEITO;804;0,08617926788353794;35;0,29683980594539733;PORTO VELHO;52,48756218905473;0,8504617562224175;0,04190337207484234;0,6894363600504214;2,0
Deputado Federal;SP;1447;DR. MARCEL MUSCAT;SUPLENTE;803;0,003391879797524629;71;0,46323329854266915;COTIA;66,99875466998755;0,10264915662726166;0,0009983712747572452;0,23743136518599775;11,0
Deputado Federal;SP;1415;YASMIN SARRAF;SUPLENTE;795;0,0033580877198406975;126;0,09597246944345557;SÃO PAULO;22,641509433962263;0,10202432920174104;0,0009884248610610338;0,2350659219462867;12,0
Deputado Federal;PR;1477;JORNALISTA ISAAK ALMEIDA;NÃO ELEITO;773;0,012433191700032282;68;0,21831743731266598;CURITIBA;38,551099611901684;0,2902228955973068;0,004356549477552217;0,37299569100708835;9,0
Deputado Federal;MA;1421;NATHIELY KATUCHA;NÃO ELEITO;771;0,01942042010575187;118;0,11144083264781533;SÃO LUÍS;31,1284046692607;0,7121543371515004;0,012768282988871223;0,3495679141087605;3,0
Deputado Federal;RO;1415;JHONATA OLIVEIRA;NÃO ELEITO;769;0,08242768283885656;44;0,16692172801385277;PORTO VELHO;27,568270481144342;0,2862241120376875;0,04007922030541512;0,6594235831825549;3,0
Deputado Federal;SC;1410;VAGNER VISOLI;NÃO ELEITO;744;0,017582425892674416;102;0,05600358422939068;JOINVILLE;17,06989247311828;-0,08571225853582853;0,005602620580594149;0,28131841539083974;8,0
Deputado Federal;GO;1410;JHONE SANTOS;NÃO ELEITO;733;0,020317406113072325;35;0,607187193484326;LUZIÂNIA;77,48976807639836;-0,005301669921007391;0,013547731263284355;0,3453962868721138;4,0
Deputado Federal;GO;1419;FERNANDA BORGES;NÃO ELEITO;711;0,019707606748150645;69;0,17614896314890974;GOIÂNIA;40,225035161744024;0,3450524442320101;0,013141114499584142;0,33502968617472434;5,0
Deputado Federal;PR;1401;DRA. YVIS;NÃO ELEITO;710;0,01141987853431167;105;0,18265820273755207;CURITIBA;41,40845070422535;0,732191812578397;0,004001487877182502;0,34259630092501003;10,0
Deputado Federal;SC;1430;JORDAM BRITO;NÃO ELEITO;701;0,016566237299415008;118;0,07361604880738949;CHAPECÓ;23,39514978601997;0,06210239835878445;0,005278813208328627;0,26505942095292834;9,0
Deputado Federal;ES;1427;MAURO JUNIOR;NÃO ELEITO;678;0,03175666339576156;53;0,1488370271751899;SERRA;31,858407079646017;0,6837082788642496;0,012735742730483132;0,317567377680353;6,0
Deputado Federal;SP;1410;CRIS NAVARRO;SUPLENTE;673;0,002842758535160741;133;0,0727774110291017;SÃO PAULO;18,424962852897472;-0,02693869321891683;0,0008367420521938058;0,198992912540693;13,0
Deputado Federal;CE;1441;RUAN DUTRA;NÃO ELEITO;654;0,011844302836004218;77;0,20081081839351347;IGUATU;39,44954128440367;-0,002036937341905357;0,006078801342169593;0,2605743792432984;4,0
Deputado Federal;PR;1450;ANDRÉ RIBEIRO;NÃO ELEITO;650;0,010454818376482513;123;0,07449467455621303;CURITIBA;23,846153846153847;0,2505949495259153;0,0036633339720684873;0,31364450084684015;11,0
Deputado Federal;CE;1467;ERICA FREIRE;NÃO ELEITO;617;0,011174212308585018;84;0,2082986374704812;FORTALEZA;44,08427876823339;0,35162570675033866;0,005734893620976512;0,2458324036591974;5,0
Deputado Federal;MT;1400;JÚLIA GALDINO;NÃO ELEITO;614;0,03228657861650433;99;0,0701758108839351;CUIABÁ;22,31270358306189;0,33893034358752594;0,01851070244196563;0,25829249311149904;3,0
Deputado Federal;SC;1404;ANA BEATRIZ KOERICH;NÃO ELEITO;612;0,014462963234296695;106;0,04538852578068264;FLORIANÓPOLIS;13,071895424836601;0,3274233218952102;0,004608607251779058;0,23140708362794885;10,0
Deputado Federal;PR;1426;PROF. THIS;NÃO ELEITO;610;0,009811444937929743;99;0,14266595001343724;CURITIBA;34,26229508196721;0,5730139343060132;0,0034378980353258113;0,2943433007947269;12,0
Deputado Federal;SP;1440;NATALIA MINZIO;SUPLENTE;595;0,0025132857777424088;154;0,12620860108749382;SÃO PAULO;34,621848739495796;0,13189648281736122;0,0007397645186557422;0,17592984095351016;14,0
Deputado Federal;PR;1441;PROF. YAN GAUDARD;NÃO ELEITO;591;0,009505842554617177;93;0,16438054174146313;PARANAGUÁ;36,88663282571912;0,05386016734326597;0,00333081596537304;0,28517523076997314;13,0
Deputado Federal;RJ;1499;LEANDRO ISSA;NÃO ELEITO;591;0,00675911133354293;54;0,16702597621971996;RIO DE JANEIRO;31,64128595600677;0,25350259649458895;0,002789801881582115;0,31091844572342464;6,0
Deputado Federal;SP;1471;ROGÉRIO CHIMIONATO;SUPLENTE;584;0,002466821670927003;71;0,5289512572715332;FRANCA;72,26027397260275;-0,03430933841630998;0,0007260881998234511;0,17267735649890745;15,0
Deputado Federal;PR;1499;GLAUBERSON ROCHA;NÃO ELEITO;578;0,009296746187087528;63;0,46740939404461146;GUARAPUAVA;67,82006920415225;-0,0329257333953229;0,0032575492859316705;0,2789023407530363;14,0
Deputado Federal;SC;1440;PABLO TESSARI;NÃO ELEITO;577;0,013635832983969271;91;0,12964626091448928;LAGES;34,1421143847487;-0,07161268855507547;0,004345043111562935;0,21817301838778835;11,0
Deputado Federal;GO;1433;DR REILLER LOPES;NÃO ELEITO;567;0,015716192723208743;57;0,283260080438211;ITUMBIARA;51,67548500881834;0,08118354353772948;0,01047962295536457;0,26717557251908397;6,0
Deputado Federal;TO;1400;EVANDO ALVES;NÃO ELEITO;566;0,06271002595929166;70;0,20504688534005916;ARAGUAÍNA;31,802120141342755;0,7562426178077655;0,04359547100053917;0,5016796518378671;2,0
Deputado Federal;PB;1400;FRANCISCO MENDONÇA;NÃO ELEITO;560;0,02333382917720335;102;0,1508928571428571;JOÃO PESSOA;30,714285714285715;0,6139987532163326;0,013255379080171372;0,28000560011200226;4,0
Deputado Federal;PB;1483;LUAN BRASILIANO;NÃO ELEITO;559;0,0232921616251012;86;0,17091919188686674;JOÃO PESSOA;37,0304114490161;0,5131362909558049;0,013231708760385354;0,27950559011180226;5,0
Deputado Federal;SP;1411;RICARDO AUGUSTO;SUPLENTE;557;0,002352773408743734;137;0,15576198472839556;SÃO PAULO;38,59964093357271;0,14095091813257568;0,0006925190535987368;0,16469398556488263;16,0
Deputado Federal;RN;1447;ALANNA BEATRIZ;NÃO ELEITO;556;0,028256339889210752;76;0,197291806842296;NATAL;38,1294964028777;0,5035039715290406;0,015768129094466975;0,2260511786373505;4,0
Deputado Federal;RJ;1405;PROF. MARY SOCORRO;NÃO ELEITO;553;0,006324515342553707;49;0,2676997733879644;RIO DE JANEIRO;50,63291139240506;0,5728610630408357;0,002610423757216429;0,2909270735787713;7,0
Deputado Federal;SP;1407;LUIS BENA;SUPLENTE;550;0,002323205340770294;72;0,4935603305785125;PIRACICABA;69,81818181818181;-0,03433322872803046;0,0006838159416145516;0,16262422273013546;17,0
Deputado Federal;PR;1438;SOLDADO GUEDES;NÃO ELEITO;549;0,008830300444136768;82;0,3550519075915475;CURITIBA;59,19854280510018;0,6354491766175592;0,0030941082317932304;0,2649089707152542;15,0
Deputado Federal;RJ;1401;YAGO MEDEIROS;NÃO ELEITO;541;0,006187274503293952;42;0,21870568981245792;ARARUAMA;41,95933456561922;-0,09349826432198051;0,0025537780337325285;0,284614008690986;8,0
Deputado Federal;RN;1411;DR. SALOMÃO;NÃO ELEITO;540;0,027443207806067998;89;0,1354938271604938;NATAL;32,77777777777778;0,1959012854465393;0,01531436998383483;0,21954610874850586;5,0
Deputado Federal;DF;1411;ALVARO MOZINI;NÃO ELEITO;539;0,03248833524104355;1;1,0;BRASÍLIA;100,0;;0,011538296870317249;0,259906838587727;5,0
Deputado Federal;RJ;1455;DRA. SANDRA ALVES;NÃO ELEITO;539;0,0061644010300839925;50;0,33121529941036965;RIO DE JANEIRO;56,77179962894249;0,6520890493614376;0,002544337079818545;0,2835618312096885;9,0
Deputado Federal;AM;1400;LUCIANA VIGA;NÃO ELEITO;537;0,025343374406589844;31;0,7289098342748352;MANAUS;85,28864059590316;0,864584637440977;0,015165207568483479;0,2027470909379224;2,0
Deputado Federal;PE;1422;BISMARK;NÃO ELEITO;537;0,010200393085539128;83;0,15053975982161746;GARANHUNS;35,381750465549345;0,17222581544371973;0,0062540033773947476;0,25500997245702345;5,0
Deputado Federal;BA;1467;ROQUES PEREIRA;NÃO ELEITO;536;0,006472010486588932;47;0,31580669414123413;IBIPITANGA;53,17164179104478;-0,03884627752657383;0,0045613527474491315;0,25240871375156576;4,0
Deputado Federal;GO;1455;OZEIAS SOARES;NÃO ELEITO;526;0,01457974845221834;107;0,0631352195347627;GOIÂNIA;18,44106463878327;0,18615256600118188;0,009721837168468719;0,2478559984921308;7,0
Deputado Federal;SP;1453;COMANDANTE NAVAL;SUPLENTE;526;0,0022218291077184993;102;0,1884514739261808;SÃO PAULO;42,20532319391635;0,22028924987315768;0,0006539767005259166;0,15552789301100226;18,0
Deputado Federal;BA;1422;GUILHERME TEDGUE;NÃO ELEITO;521;0,006290890790135883;126;0,06859317494409467;SALVADOR;19,57773512476008;0,0038014123380867198;0,004433702950412309;0,24534503706075703;5,0
Deputado Federal;RJ;1407;FABRICIA LERNER;NÃO ELEITO;519;0,005935666297984401;45;0,33088308997961846;RIO DE JANEIRO;56,64739884393064;0,6488706708650971;0,0024499275406787103;0,27304005639671297;10,0
Deputado Federal;PA;1455;MARCOS ROCHA;NÃO ELEITO;515;0,010657589849173374;69;0,14004335941182014;PARAUAPEBAS;31,45631067961165;0,2240409469046511;0,006118933048179172;0,18117917741135414;6,0
Deputado Federal;PR;1446;MAURÍCIO FRANCISCON;NÃO ELEITO;512;0,008235180013475457;65;0,3187713623046875;FRANCISCO BELTRÃO;55,46875;-0,060196690861804306;0,0028855799903062546;0,24705536066704947;16,0
Deputado Federal;MG;1402;KEREM HADASSA;NÃO ELEITO;507;0,004455125419689071;148;0,05981349859365334;BELO HORIZONTE;20,512820512820515;0,32903929953616673;0,002051701252873191;0,2361214605067064;15,0
Deputado Federal;PR;1445;RICARDO CASCAVEL MAIS SEGURA;NÃO ELEITO;507;0,008154758333656361;65;0,3781185688331796;CASCAVEL;60,946745562130175;0,0486533140506046;0,00285740049821342;0,2446427106605353;17,0
Deputado Federal;PA;1404;RAFAEL OLIVEIRA;NÃO ELEITO;506;0,010471340706178112;65;0,2215547813588714;BELÉM;41,10671936758893;0,767049179089203;0,006012000237628468;0,1780129393595052;7,0
Deputado Federal;PR;1419;ANITA DE BIASI;NÃO ELEITO;502;0,008074336653837264;77;0,22732972492500111;CURITIBA;46,41434262948207;0,7014737777579693;0,0028292210061205856;0,24223006065402117;18,0
Deputado Federal;SP;1455;DEREK CANARIN;SUPLENTE;502;0,0021204528746667046;122;0,12229170965540229;ITU;24,900398406374503;0,03735736213950367;0,0006241374594372816;0,14843156329186907;19,0
Deputado Federal;PI;1444;JÚNIOR PIAUÍ;NÃO ELEITO;501;0,023754624684042155;106;0,22461663499348608;TERESINA;46,30738522954092;0,35504731731945144;0,015523331474251719;0,23754658473443147;2,0
Deputado Federal;SP;1466;PAULO COELHO;SUPLENTE;499;0,00210778084553523;67;0,22483845446403833;SÃO LUÍS DO PARAITINGA;43,687374749499;-0,02109883461820199;0,0006204075543012023;0,14754452207697744;20,0
Deputado Federal;PE;1433;IRMÃO JEAN CARLOS;NÃO ELEITO;486;0,009231640669594072;50;0,49454690172568555;RECIFE;69,54732510288066;0,29679965744294506;0,005660047749374017;0,2307911482571944;6,0
Deputado Federal;SP;1423;ELIZABETE GONÇALVES;SUPLENTE;473;0,001997956593062453;147;0,08576000429090551;SÃO PAULO;27,906976744186046;0,09847844574624247;0,0005880817097885144;0,13985683154791648;21,0
Deputado Federal;MG;1411;ELENORA VALE;NÃO ELEITO;468;0,004112423464328373;144;0,0926565125283074;UBERLÂNDIA;24,786324786324787;0,22176453595157045;0,0018938780795752534;0,21795827123695977;16,0
Deputado Federal;PE;1425;IRMÃO FERNANDO;NÃO ELEITO;465;0,008832742615969637;51;0,3661879986125563;CABO DE SANTO AGOSTINHO;58,70967741935484;0,019266425535797937;0,005415477784894893;0,2208186912337354;7,0
Deputado Federal;PR;1411;CARLOS GASPARIN;NÃO ELEITO;463;0,0074470475512483135;105;0,07563127131254985;CURITIBA;19,65442764578834;0,12891058335174602;0,0026094209677964765;0,22341139060321075;19,0
Deputado Federal;GO;1477;GABRIEL MORSE MISSÃO;NÃO ELEITO;461;0,012778068510404287;74;0,13355386055966237;GOIÂNIA;32,75488069414317;0,5322742634990817;0,008520469457536272;0,21722740552257092;8,0
Deputado Federal;SC;1456;PAULO JOSUÉ;NÃO ELEITO;459;0,010847222425722522;78;0,19966204831000423;ARARANGUÁ;43,13725490196079;-0,006148160780353993;0,0034564554388342933;0,1735553127209616;12,0
Deputado Federal;SC;1494;LUCAS SILVEIRA;NÃO ELEITO;456;0,010776325547123029;72;0,2006771314250539;CRICIÚMA;43,20175438596491;0,12489104161975884;0,003433864226815769;0,172420964271805;13,0
Deputado Federal;SP;1412;KARINA CLARO;SUPLENTE;453;0,0019134763988526238;114;0,16016354058545187;SÃO PAULO;38,852097130242825;0,3172292265173145;0,0005632156755479852;0,13394322344863885;22,0
Deputado Federal;RN;1455;IGOR RAYAN;NÃO ELEITO;452;0,022970981348782844;78;0,20070091628161957;NATAL;41,150442477876105;0,5850217501265353;0,012818694875358045;0,18376822435986045;6,0
Deputado Federal;MT;1444;MURILO MARTINS;NÃO ELEITO;442;0,023242129883542205;78;0,11050142298478738;CUIABÁ;29,638009049773757;0,5054542772535798;0,013325293940307507;0,18593694129524851;4,0
Deputado Federal;AM;1444;WICK RYAN;NÃO ELEITO;432;0,02038796600306669;36;0,49362354252400553;MANAUS;69,67592592592592;0,3483507940975941;0,012199943518780006;0,1631038050003398;3,0
Deputado Federal;RS;1440;RENATO WEILER RISTOW;NÃO ELEITO;427;0,007021558486704506;115;0,05727558424606068;IJUÍ;19,437939110070257;-0,038952481990846784;0,0025483713102328748;0,21766834888107253;11,0
Deputado Federal;PE;1401;PEDRO OLIVEIRA;NÃO ELEITO;423;0,008034946508720766;84;0,14418568258918343;CAMARAGIBE;35,22458628841608;0,054998541174952266;0,004926337855936645;0,20087377718681737;8,0
Deputado Federal;AM;1456;EDGAR OLIVEIRA;NÃO ELEITO;422;0,019916022345588293;20;0,7338671638103367;MANAUS;85,54502369668246;0,793142208325419;0,011917537418808246;0,15932825395866526;4,0
Deputado Federal;PR;1497;CAROLINE BARBOSA;NÃO ELEITO;420;0,006755421104804086;88;0,11600907029478458;CURITIBA;29,523809523809526;0,39968467032992416;0,0023670773357980994;0,20266260054718901;20,0
Deputado Federal;RJ;1477;THAYENNE PERRIER;NÃO ELEITO;419;0,004791992637486443;46;0,18740494756808174;RIO DE JANEIRO;37,70883054892602;0,0981112291138357;0,0019778798449795365;0,22043118233183573;11,0
Deputado Federal;RJ;1412;JUSSARA BARBOSA;NÃO ELEITO;409;0,004677625271436648;41;0,19295078341234212;RIO DE JANEIRO;39,36430317848411;-0,04650157819973112;0,0019306750754096195;0,215170294925348;12,0
Deputado Federal;MG;1401;FELIPE SANTOS;NÃO ELEITO;402;0,003532466309102577;122;0,09491101705403333;BELO HORIZONTE;29,104477611940297;0,41086992095211733;0,0016267927093787432;0,18722056631892697;17,0
Deputado Federal;SC;1415;TUCO FARIAS;NÃO ELEITO;402;0,009500181732332143;67;0,1623103388529987;TUBARÃO;37,56218905472637;0,011680851219524528;0,003027222410482322;0,152002692186986;14,0
Deputado Federal;RN;1477;FELIX SANTOS;NÃO ELEITO;400;0,020328302078568887;57;0,253675;NATAL;47,75;0,5423491832427313;0,011343977765803578;0,16262674722111545;7,0
Deputado Federal;SE;1444;JOÃO MARCELO;NÃO ELEITO;400;0,031159928332164837;52;0,13185;ARACAJU;26,25;0,25092051169875523;0,01868722261153936;0,24928020341264598;2,0
Deputado Federal;RJ;1416;IGOR OLIVEIRA;NÃO ELEITO;398;0,004551821168781872;36;0,3921491881518143;PETRÓPOLIS;59,79899497487437;0,26954673822091885;0,0018787498288827104;0,2093833187782115;13,0
Deputado Federal;ES;1487;DIÊGO DANTAS;NÃO ELEITO;396;0,018548139682480206;39;0,14140138761350882;SERRA;27,525252525252526;0,7487369990501496;0,007438575400105192;0,1854818312115336;7,0
Deputado Federal;RS;1454;YAGOR VIEIRA;NÃO ELEITO;393;0,0064624648367093;96;0,0520624931207065;PORTO ALEGRE;14,758269720101781;0,13393191185520864;0,0023454564986452454;0,2003364428811745;12,0
Deputado Federal;ES;1456;KELLY CARVALHO;NÃO ELEITO;390;0,018267107263048688;53;0,08349769888231427;VILA VELHA;15,384615384615385;0,15270181951186457;0,00732586971222481;0,18267150043560126;8,0
Deputado Federal;MG;1418;LUCAS BRANDÃO PELUCIO;NÃO ELEITO;388;0,003409445094357711;80;0,12035019662025721;SÃO SEBASTIÃO DO PARAÍSO;30,670103092783506;0,06610959158393695;0,0015701382369128168;0,18070044709388972;18,0
Deputado Federal;RR;1444;GREG LOOBAN;NÃO ELEITO;388;0,12169838247794217;14;0,7789217770220002;BOA VISTA;88,14432989690722;0,9623270735020978;0,05858372338819266;0,9735778987780092;1,0
Deputado Federal;PA;1412;GABI LACERDA;NÃO ELEITO;387;0,008008713148796302;72;0,13444037150545174;BELÉM;33,59173126614987;0,6845114193626647;0,004598110853680271;0,136148236229503;8,0
Deputado Federal;MG;1440;ANGELO ALVES;NÃO ELEITO;385;0,0033830834054838113;124;0,08586270871985158;BELO HORIZONTE;27,532467532467532;0,31122492514979055;0,0015579979928129755;0,17930327868852458;19,0
Deputado Federal;AM;1477;PATRICIA BENZAQUEM;NÃO ELEITO;383;0,01807544208142255;36;0,550204855169781;MANAUS;73,89033942558747;0,6877314213148924;0,010816153628918385;0,14460360489613458;5,0
Deputado Federal;PE;1499;WELLINGTON ROMEILTO;NÃO ELEITO;382;0,007256145546882583;47;0,4354732600531784;CARUARU;65,18324607329843;0,16329569609857617;0,0044488441157631165;0,18140374204577833;9,0
Deputado Federal;AL;1401;DRA SOCORRO VENTURA;NÃO ELEITO;366;0,020352091177368473;54;0,3952043954731404;MACEIÓ;62,295081967213115;0,7221329488485095;0,013630777252243865;0,18316851503383114;4,0
Deputado Federal;PR;1443;MATHEUS MOREIRA;NÃO ELEITO;363;0,0058386139548663885;57;0,3248032541796628;ARAPONGAS;55,09641873278237;0,027012054207094727;0,002045831125939786;0,17515839047292767;21,0
Deputado Federal;RN;1401;GABRIEL BOTELHO;NÃO ELEITO;362;0,018397113381104842;60;0,2930313482494428;NATAL;53,03867403314917;0,5454545137691826;0,01026629987805224;0,1471772062351095;8,0
Deputado Federal;AP;1414;LUY RICARDO;NÃO ELEITO;359;0,07809780717020536;14;0,416190128878578;MACAPÁ;55,710306406685234;0,6508691753499051;0,03165226591430083;0,6247824573616428;1,0
Deputado Federal;MT;1421;NATALI LIMA;NÃO ELEITO;355;0,018667321512799734;54;0,1396627653243404;CUIABÁ;33,23943661971831;0,6772876180586485;0,010702441965631596;0,14933849357423806;5,0
Deputado Federal;MA;1435;DARLESSON COSTA;NÃO ELEITO;354;0,00891676876450864;74;0,1341568514794599;SÃO LUÍS;34,463276836158194;0,35222992469941805;0,00586248012718601;0,16050199947406124;4,0
Deputado Federal;RJ;1415;MARCIO LABRE;NÃO ELEITO;354;0,00404860475816277;44;0,3010629129560471;RIO DE JANEIRO;53,954802259887;0,49997333726375487;0,001671048842775074;0,18623541418966552;14,0
Deputado Federal;TO;1401;CLAUDIOMARA GAMA;NÃO ELEITO;352;0,03899987480153828;46;0,3613926911157025;PALMAS;59,09090909090909;0,7520934970887525;0,02711237772471694;0,31199865273309046;3,0
Deputado Federal;AL;1455;ANDRÉ FERREIRA;NÃO ELEITO;338;0,018795100595493292;55;0,19164244949406534;MACEIÓ;36,98224852071006;0,507948173666046;0,01258798554988641;0,16915562317331945;5,0
Deputado Federal;BA;1473;MAX REIS;NÃO ELEITO;338;0,004081230493408692;74;0,3584958509856098;SALVADOR;59,467455621301774;0,58154619948831;0,0028763754265630718;0,15916818143289035;6,0
Deputado Federal;PE;1405;AMANDA GRIZE;NÃO ELEITO;337;0,006401364003401651;55;0,1458584648979915;RECIFE;29,376854599406528;0,6355498114136519;0,0039247656204507075;0,1600341912812233;10,0
Deputado Federal;PR;1406;MARI GUEDES PCD;NÃO ELEITO;335;0,005388252547879449;68;0,23143684562263311;CURITIBA;47,16417910447761;0,6652354416027181;0,0018880259702199129;0,16164755043644838;22,0
Deputado Federal;SP;1490;BIA COIMBRA;SUPLENTE;332;0,001402371223883159;79;0,23624618957758747;SÃO PAULO;47,28915662650602;0,2875141980566817;0,0004127761683927839;0,09816589444800904;23,0
Deputado Federal;PI;1433;GIORDAN MENESES;NÃO ELEITO;331;0,015694173194447013;59;0,2374293772419018;PARNAÍBA;38,368580060422964;0,40944467355265807;0,010255933568817004;0,15694195518382598;3,0
Deputado Federal;RS;1407;CRIS FERREIRA;NÃO ELEITO;329;0,0054100532602477346;64;0,20726896462523445;CANOAS;43,76899696048632;0,3458418440693081;0,0019634992062450016;0,16771167864607228;13,0
Deputado Federal;RS;1441;RINALDI CONDE;NÃO ELEITO;328;0,005393609329365522;62;0,2802647233789411;BAGÉ;52,13414634146341;-0,018433924154185082;0,001957531123551248;0,1672019167048988;14,0
Deputado Federal;GO;1428;ALINE LIMA;NÃO ELEITO;327;0,009063836014972237;50;0,11696546306427631;GOIÂNIA;28,440366972477065;0,5616550267267424;0,006043803714998614;0,15408538309301667;9,0
Deputado Federal;MA;1410;WELLYNGTON RIBEIRO;NÃO ELEITO;327;0,008236676231622388;85;0,09186469526508245;SÃO LUÍS;27,217125382262996;0,2844602960910235;0,005415341812400636;0,14826032154807353;5,0
Deputado Federal;BA;1433;YLAN PABLO;NÃO ELEITO;325;0,00392426008981605;106;0,12028402366863905;SALVADOR;33,23076923076923;0,16714186732786068;0,002765745602464492;0,15304632830085613;7,0
Deputado Federal;PI;1400;MARCUS KAUAN;NÃO ELEITO;323;0,01531485783023077;74;0,18502046410873293;TERESINA;41,1764705882353;0,3050354530376893;0,01000805602032596;0,15314879614615043;4,0
Deputado Federal;BA;1411;VINICIUS CHAGAS HERÓI SERTÃO;NÃO ELEITO;322;0,0038880361505254403;101;0,12370278924424212;PAULO AFONSO;33,22981366459627;0,05106933956149826;0,0027402156430571274;0,15163359296269438;8,0
Deputado Federal;RJ;1456;NEYMAR PESADÃO DA ILHA GRANDE;NÃO ELEITO;320;0,003659755713593465;44;0,15642578124999998;RIO DE JANEIRO;28,75;-0,056386981683178336;0,001510552626237355;0,16834839700760723;15,0
Deputado Federal;GO;1401;ANDER ALVES;NÃO ELEITO;318;0,008814372638413368;50;0,2301926347850164;ANÁPOLIS;44,0251572327044;0,3242070744797734;0,00587746049348489;0,14984450098953916;10,0
Deputado Federal;PR;1422;FERNANDO GARBATCHEVSKI;NÃO ELEITO;308;0,00495397547685633;76;0,076636026311351;PRUDENTÓPOLIS;19,805194805194805;0,039155948722129595;0,0017358567129186063;0,14861924040127195;23,0
Deputado Federal;SP;1418;HÉLIO FRAZZATTI NETO;SUPLENTE;308;0,0013009949908313644;54;0,21420138303255187;ARAÇATUBA;42,857142857142854;-0,1401561029561186;0,0003829369273041489;0,09106956472887585;24,0
Deputado Federal;BA;1499;ANGELICA MATTOS;NÃO ELEITO;300;0,0036223939290609694;77;0,23935555555555557;SALVADOR;48,333333333333336;0,4781169361647694;0,002552995940736454;0,14127353381617488;9,0
Deputado Federal;PE;1477;NATHALIA PEDROSA;NÃO ELEITO;295;0,00560356789615278;49;0,37578856650387826;LIMOEIRO;60,33898305084746;-0,005430537344683317;0,003435625691492459;0,14008927723430525;11,0
Deputado Federal;RR;1414;HELOISA ZATTI ZAUZA;NÃO ELEITO;294;0,09221475373328608;10;0,8082280531260123;BOA VISTA;89,79591836734694;0,9699641346618589;0,04439075947455836;0,7377110882493162;2,0
Deputado Federal;SC;1401;FRANK LÔBO;NÃO ELEITO;294;0,006947894102750374;78;0,04255171456337637;JOINVILLE;12,585034013605442;0,406985083418067;0,0022139387778154296;0,11116614801734796;15,0
Deputado Federal;AM;1433;JOTA BRANDÃO;NÃO ELEITO;291;0,013733560432621313;25;0,6381714906531573;MANAUS;79,72508591065292;0,8029392091337425;0,008218017509178199;0,10986853531272889;6,0
Deputado Federal;PA;1432;NILMA SANCHES;NÃO ELEITO;291;0,006022055623513499;57;0,11233924965458603;BELÉM;28,522336769759452;0,42303248697751444;0,003457494207806095;0,10237503034311467;9,0
Deputado Federal;PE;1441;KLEBER NANDO;NÃO ELEITO;290;0,0055085921690993436;38;0,3228299643281807;RECIFE;54,48275862068966;0,4781209965275079;0,003377394747568858;0,13771488270491025;12,0
Deputado Federal;CE;1442;IGOR PEIXOTO;NÃO ELEITO;280;0,005070955342631775;57;0,23339285714285715;FORTALEZA;45,357142857142854;0,17419393183648843;0,0026025449171368288;0,1115608963121155;6,0
Deputado Federal;PR;1416;ANDREY LUIZ;NÃO ELEITO;280;0,00450361406986939;68;0,16923469387755105;SIQUEIRA CAMPOS;39,285714285714285;-0,014025809301663566;0,0015780515571987331;0,13510840036479269;24,0
Deputado Federal;PE;1415;ESTELA CARNEIRO MORAES;NÃO ELEITO;279;0,005299645569581782;60;0,18048329286622733;RECIFE;40,14336917562724;0,4244590065085385;0,003249286670936936;0,13249121474024123;13,0
Deputado Federal;MG;1433;EMERSON COSTA;NÃO ELEITO;278;0,0024428498356480507;110;0,03371978676051965;PARACATU;11,510791366906474;-0,03716525281070403;0,0011249959532519667;0,1294709388971684;20,0
Deputado Federal;PE;1475;JULLY ROCHA;NÃO ELEITO;275;0,005223664987939032;43;0,24387438016528928;RECIFE;47,27272727272727;0,5825874360976928;0,003202701915798055;0,13059169911672525;14,0
Deputado Federal;PE;1411;ERIC MUNIZ;NÃO ELEITO;274;0,005204669842528345;60;0,278278011614897;PETROLINA;51,824817518248175;0,24336829078665484;0,003191055727013335;0,13011682021084622;15,0
Deputado Federal;SP;1416;ISABEL DE SOUZA;SUPLENTE;274;0,0011573786606746555;57;0,30068197559806076;SÃO PAULO;54,01459854014598;0,29367081561059594;0,00034066466909524933;0,08101643096010384;25,0
Deputado Federal;BA;1477;JONATHAS PEREIRA;NÃO ELEITO;271;0,0032722291825850757;86;0,07054642502144579;FEIRA DE SANTANA;21,40221402214022;0,040096122539832545;0,0023062063331319303;0,12761709221394463;10,0
Deputado Federal;PR;1412;NANÁ VIEIRA;NÃO ELEITO;268;0,004310602038303559;86;0,08643350412118511;SÃO MATEUS DO SUL;25,746268656716417;-0,002651803865372336;0,0015104207761759301;0,1293180403491587;25,0
Deputado Federal;SE;1400;RODRIGO SANTOS;NÃO ELEITO;267;0,020799252161720027;38;0,33136949599517473;ARACAJU;56,17977528089887;0,7814494922202448;0,012473721093202522;0,1663945357779412;3,0
Deputado Federal;AL;1410;YRLA OLIVEIRA;NÃO ELEITO;260;0,014457769688840993;33;0,5328106508875741;MACEIÓ;72,6923076923077;0,7612710512707535;0,00968306580760493;0,13011971013332266;6,0
Deputado Federal;SP;1452;KAIO FEITOSA;SUPLENTE;259;0,0010940185150172838;93;0,16122299906083692;SÃO PAULO;39,38223938223938;0,13376225635570863;0,00032201514341485246;0,0765812248856456;26,0
Deputado Federal;ES;1441;JEFFERSON ZANETTI;NÃO ELEITO;258;0,012084394035555284;42;0,1407367345712397;COLATINA;31,3953488372093;0,14694108253943122;0,004846344578856413;0,12084422336509007;9,0
Deputado Federal;PR;1457;MANU SHTORACH;NÃO ELEITO;258;0,004149758678665367;75;0,13740159846163094;CURITIBA;35,27131782945737;0,473787878041481;0,0014540617919902611;0,1244927403361304;26,0
Deputado Federal;RJ;1433;VICTOR MENEZES;NÃO ELEITO;258;0,002950678044084731;31;0,3766600564869899;RIO DE JANEIRO;60,46511627906977;0,4360815958391336;0,0012178830549038676;0,13573089508738334;16,0
Deputado Federal;GO;1472;ANASTÁCIA ALMEIDA;NÃO ELEITO;246;0,0068186656259424175;47;0,19158569634476827;GOIÂNIA;41,46341463414634;0,5778892534170285;0,004546714721375104;0,11591744416171897;11,0
Deputado Federal;AP;1400;ISRAEL DOS SANTOS;NÃO ELEITO;241;0,05242777584406544;11;0,673146123517157;MACAPÁ;81,32780082987551;0,6811076811681723;0,02124845706224652;0,4194222067525235;2,0
Deputado Federal;PE;1455;ANDRESSA SABER;NÃO ELEITO;241;0,004577830043975661;56;0,12174377162927638;RECIFE;29,04564315352697;0,44111821668212986;0,0028067314971175683;0,1144458163168392;16,0
Deputado Federal;BA;1432;NETO NEVES;NÃO ELEITO;234;0,002825467264667556;52;0,24483161662648842;GUANAMBI;47,863247863247864;0,02780860233975417;0,0019913368337744343;0,11019335637661641;11,0
Deputado Federal;ES;1450;LUCAS GANSO;NÃO ELEITO;234;0,010960264357829212;29;0,1824457593688363;VITÓRIA;32,05128205128205;0,6284415522278817;0,004395521827334886;0,10960290026136076;10,0
Deputado Federal;SE;1499;KEL GUIMARÃES;NÃO ELEITO;231;0,017994858611825194;26;0,42785929798916805;ARACAJU;64,5021645021645;0,7540928246077285;0,01079187105816398;0,14395931747080307;4,0
Deputado Federal;SP;1421;ANDRÉ LESTE;SUPLENTE;230;0,0009715222334130319;62;0,32990548204158804;SÃO PAULO;56,95652173913044;0,25476162971779426;0,00028595939376608524;0,068006493141693;27,0
Deputado Federal;BA;1410;JOCELI SANTANA;NÃO ELEITO;226;0,00272887009322593;72;0,0755736549455713;SALVADOR;23,008849557522122;0,08716865416839725;0,0019232569420214623;0,10642606214151841;12,0
Deputado Federal;PE;1472;CAROL WANDERLEY;NÃO ELEITO;223;0,004235917426583288;87;0,04277182328218947;RECIFE;15,246636771300448;-0,059587873475981275;0,0025971000989926047;0,1058979960110172;17,0
Deputado Federal;RS;1451;LILIAN MOTTANA;NÃO ELEITO;222;0,003650552655851055;65;0,09662365067770474;PORTO ALEGRE;26,576576576576578;0,39647157328997457;0,0013249143580133446;0,11316715094051079;15,0
Deputado Federal;SP;1467;PROFESSOR JONATHAN OLIVEIRA;SUPLENTE;220;0,0009292821363081175;56;0,29900826446280987;SÃO PAULO;54,09090909090909;0,3123807291388997;0,00027352637664582066;0,06504968909205418;28,0
Deputado Federal;PR;1430;MARY BARRETO;NÃO ELEITO;218;0,003506385240112597;57;0,17679488258564094;CURITIBA;40,825688073394495;0,4472099461943095;0,001228625855247585;0,10519154028401716;27,0
Deputado Federal;PR;1420;FELIPE GAMBARO;NÃO ELEITO;215;0,003458132232221139;43;0,14526771227690644;MARINGÁ;33,48837209302326;0,010161629132326844;0,0012117181599918844;0,10374395028010866;28,0
Deputado Federal;DF;1456;MARTA LIMA;NÃO ELEITO;213;0,012838618564642445;1;1,0;BRASÍLIA;100,0;;0,0045596609153572805;0,10270901042520567;6,0
Deputado Federal;PE;1456;EMANOEL XAVIER;NÃO ELEITO;210;0,003988980536244352;63;0,1385034013605442;LAGOA GRANDE;34,76190476190476;0,0014751164546282433;0,002445699644791242;0,09972457023459018;18,0
Deputado Federal;SE;1404;DEYSY LIMA;NÃO ELEITO;209;0,016281062553556127;29;0,2581671665025983;CARMÓPOLIS;44,49760765550239;-0,04957329429711006;0,009764073814529315;0,13024890628310754;5,0
Deputado Federal;RJ;1403;PASTORA ESMERALDA BORGES;NÃO ELEITO;205;0,0023445310040208136;29;0,24207019631171922;NOVA IGUAÇU;35,1219512195122;0,010374298653264065;0,0009676977761833056;0,10784819183299839;17,0
Deputado Federal;SP;1408;VANESSA DUTRA;SUPLENTE;203;0,0008574739712297629;67;0,21745249824067558;SÃO PAULO;45,8128078817734;0,32470188887899604;0,0002523902475413709;0,06002312220766817;29,0
Deputado Federal;RJ;1402;LUANA VIDAL;NÃO ELEITO;199;0,002275910584390936;38;0,2334031968889675;RIO DE JANEIRO;46,733668341708544;0,34362960710169793;0,0009393749144413552;0,10469165938910575;18,0
Deputado Federal;BA;1412;VITOR BANDEIRA;NÃO ELEITO;197;0,0023787053467500363;77;0,09665283825916665;SALVADOR;28,934010152284262;0,18628622590090904;0,0016764673344169382;0,09276962053928817;13,0
Deputado Federal;AM;1415;IANA NADINA;NÃO ELEITO;196;0,009250095686576554;16;0,7201686797167848;MANAUS;84,6938775510204;0,8524176707070853;0,005535159559446484;0,07400080041682083;7,0
Deputado Federal;SP;1470;DR. MADEIRA;SUPLENTE;191;0,0008067858547038657;70;0,14179984101313012;SÃO PAULO;29,842931937172775;0,059172857589859316;0,00023747062699705339;0,05647495734810158;30,0
Deputado Federal;RJ;1494;EUBER LUCAS;NÃO ELEITO;186;0,0021272330085262015;27;0,23366863221181638;RIO DE JANEIRO;36,55913978494624;-0,00474492579780404;0,0008780087140004626;0,09785250576067171;19,0
Deputado Federal;RJ;1406;THIAGO VILLAÇA;NÃO ELEITO;184;0,0021043595353162424;22;0,475897920604915;RIO DE JANEIRO;68,47826086956522;0,6679963710050357;0,0008685677600864791;0,09680032827937417;20,0
Deputado Federal;BA;1450;CAROL VERDADEIRO;NÃO ELEITO;178;0,0021492870645761753;77;0,0706350208307032;SALVADOR;23,03370786516854;0,19223780341532826;0,0015147775915036294;0,08382229673093043;14,0
Deputado Federal;SP;1479;FELIPE BOLETTI;SUPLENTE;178;0,0007518737284674769;23;0,32836763034970334;ATIBAIA;48,31460674157304;0,06692414414983179;0,00022130770474070943;0,05263111208357111;31,0
Deputado Federal;BA;1455;JAMILLE DIAS;NÃO ELEITO;175;0,0021130631252855654;75;0,07937959183673468;SALVADOR;25,714285714285715;0,09397464838166109;0,001489247632096265;0,08240956139276868;15,0
Deputado Federal;MT;1433;LEONARDO LANDOVOIGT;NÃO ELEITO;172;0,009044448732962125;38;0,15123039480800435;RONDONÓPOLIS;34,883720930232556;0,2887854728745928;0,005185408501658125;0,07235555181625056;6,0
Deputado Federal;SE;1477;JONMHARA;NÃO ELEITO;166;0,012931370257848407;24;0,2768181158368414;NOSSA SENHORA DO SOCORRO;40,36144578313253;0,49299284761673784;0,007755197383788834;0,10345128441624808;6,0
Deputado Federal;SE;1441;LUIZ FERNANDO;NÃO ELEITO;166;0,012931370257848407;26;0,2448831470460154;ARACAJU;43,373493975903614;0,6622527609347536;0,007755197383788834;0,10345128441624808;6,0
Deputado Federal;SP;1435;GABRIELA NOVELLI;SUPLENTE;163;0,0006885135828101053;51;0,1905604275659603;SÃO PAULO;42,331288343558285;0,2331295781652264;0,00020265817906031257;0,04819590600911287;32,0
Deputado Federal;SP;1406;STEPHANY FIGUEREDO;SUPLENTE;161;0,0006800655633891223;39;0,18058716870491107;SÃO BERNARDO DO CAMPO;34,161490683229815;0,2458483853089886;0,00020017157563625965;0,047604545199185104;33,0
Deputado Federal;SP;1424;JULIANA CONSTANTINO;SUPLENTE;154;0,0006504974954156822;59;0,08062067802327542;SÃO PAULO;24,675324675324674;0,11740880678503132;0,00019146846365207445;0,04553478236443793;34,0
Deputado Federal;SP;1420;CIDA CARVALHO;SUPLENTE;153;0,0006462734857051909;55;0,2597718826092528;SÃO PAULO;50,326797385620914;0,08720833694956967;0,000190225161940048;0,045239101959474046;35,0
Deputado Federal;AM;1401;EDUARDO THEO;NÃO ELEITO;150;0,007079154862175934;17;0,5512888888888886;MANAUS;73,33333333333333;0,48467323805918106;0,004236091499576391;0,05663326562511799;8,0
Deputado Federal;PE;1420;MATEUS PEREZ;NÃO ELEITO;149;0,002830276666192421;38;0,16778523489932887;RECIFE;36,241610738255034;0,3864693266177494;0,0017352821289233098;0,07075695697597113;19,0
Deputado Federal;PE;1410;MIQUEIAS EMANOEL;NÃO ELEITO;149;0,002830276666192421;50;0,07841989099590108;RECIFE;18,120805369127517;0,09073404984553253;0,0017352821289233098;0,07075695697597113;19,0
Deputado Federal;SP;1478;RICARDO ALMEIDA;SUPLENTE;149;0,000629377446863225;51;0,27994234493941716;SÃO PAULO;52,348993288590606;0,11485024749590188;0,00018525195509194216;0,04405638033961851;36,0
Deputado Federal;SP;1402;VANESSA SCULLY;SUPLENTE;147;0,0006209294274422422;45;0,2135684205655051;SÃO PAULO;44,21768707482993;0,28053119299099777;0,00018276535166788924;0,04346501952969075;37,0
Deputado Federal;SP;1405;MARINA CALIXTO;SUPLENTE;143;0,0006040333886002764;52;0,10831825517140202;SÃO PAULO;30,06993006993007;0,06773540885593905;0,0001777921448197834;0,04228229790983522;38,0
Deputado Federal;AM;1420;MATEUS DO TI;NÃO ELEITO;141;0,006654405570445378;17;0,7143000855087772;MANAUS;84,39716312056737;0,8956728267150724;0,003981926009601807;0,05323526968761091;9,0
Deputado Federal;SP;1426;VANESCKA ESSU;SUPLENTE;140;0,000591361359468802;36;0,36775510204081624;SÃO PAULO;60,0;0,436251109653376;0,00017406223968370404;0,041395256694943566;39,0
Deputado Federal;SE;1411;ENGENHEIRO ISAAC;NÃO ELEITO;139;0,01082807509542728;34;0,18751617411107088;ARACAJU;40,28776978417266;0,17838278677334446;0,006493809857509927;0,08662487068589447;8,0
Deputado Federal;BA;1434;MARCELO SAÚDE;NÃO ELEITO;137;0,0016542265609378426;51;0,11066119665405723;CARAVELAS;26,277372262773724;-0,0044877158773524535;0,0011658681462696475;0,0645149137760532;16,0
Deputado Federal;PE;1412;ROSTAND FILHO;NÃO ELEITO;137;0,0026023349212641726;40;0,10650540785337526;TIMBAÚBA;25,547445255474454;-0,00881816882873779;0,0015955278635066674;0,06505841010542311;21,0
Deputado Federal;PI;1420;ELISDALVA LOPES;NÃO ELEITO;137;0,006495775612203145;28;0,4374766902871757;TERESINA;65,69343065693431;0,6629816263302791;0,004244903017909153;0,06495784852019383;5,0
Deputado Federal;PE;1407;DANIEL TERTULIANO;NÃO ELEITO;128;0,002431378612567986;43;0,0966796875;TRINDADE;25,0;-0,04229726457314221;0,0014907121644441856;0,06078449995251211;22,0
Deputado Federal;PB;1415;BETO LIMA;NÃO ELEITO;126;0,0052501115648707535;38;0,15822625346434865;JOÃO PESSOA;36,507936507936506;0,46927111397557136;0,002982460293038559;0,0630012600252005;6,0
Deputado Federal;SP;1409;PAMELA GIEDRE;SUPLENTE;126;0,0005322252235219219;44;0,17737465356512971;SÃO PAULO;39,682539682539684;0,19343456220474606;0,00015665601571533363;0,03725573102544921;40,0
Deputado Federal;PR;1407;MARCELLO DE PAULA;NÃO ELEITO;124;0,0019944576595135872;36;0,19107700312174816;UMUARAMA;40,32258064516129;-0,04434076648787193;0,0006988514039022961;0,05983372016155104;29,0
Deputado Federal;GO;1456;MAGNA MOTA;NÃO ELEITO;123;0,0034093328129712087;51;0,042897746050631236;ITUMBIARA;11,382113821138212;-0,03860485405458923;0,002273357360687552;0,05795872208085948;12,0
Deputado Federal;RJ;1491;MÍRIAM CARVALHO;NÃO ELEITO;123;0,0014067186024124881;31;0,14045872166038734;RIO DE JANEIRO;26,016260162601625;-0,0689663212922846;0,0005806186657099833;0,06470891509979904;21,0
Deputado Federal;SP;1492;DANI CARVALHO MISSÃO;SUPLENTE;123;0,0005195531943904475;38;0,14706854385617024;SÃO PAULO;31,70731707317073;0,026067090520845285;0,00015292611057925426;0,03636868981055756;41,0
Deputado Federal;GO;1467;ROBERTO JUNIOR (RAVENGAAR);NÃO ELEITO;121;0,0033538965070692376;29;0,17164128133324225;GOIÂNIA;38,84297520661157;0,45578014191898375;0,002236392200351169;0,05701630383564226;13,0
Deputado Federal;BA;1420;HELENA EGLI;NÃO ELEITO;117;0,001412733632333778;54;0,10950398129885311;SALVADOR;30,76923076923077;0,35535148562772434;0,0009956684168872171;0,055096678188308205;17,0
Deputado Federal;PE;1470;MIKAEL GRINGO;NÃO ELEITO;117;0,0022224320130504248;38;0,13156549053984948;RECIFE;29,914529914529915;0,07595122346143979;0,0013626040878122634;0,0555608319878431;23,0
Deputado Federal;SP;1486;CARLOS SILVA;SUPLENTE;117;0,0004942091361274988;24;0,45079991233837385;SÃO PAULO;66,66666666666667;0,4155709619144004;0,00014546630030709554;0,034594607380774266;42,0
Deputado Federal;SP;1427;ANDRE PAZ;SUPLENTE;114;0,00048153710699602454;45;0,20206217297630039;SÃO PAULO;43,85964912280702;0,19851454402932467;0,00014173639517101616;0,03370756616588262;43,0
Deputado Federal;RS;1469;SOLANJE NUNES;NÃO ELEITO;113;0,0018581641896899513;37;0,09076670060302294;MONTENEGRO;22,123893805309734;0,12467165447458546;0,00067439334439418;0,057603099352602334;16,0
Deputado Federal;PI;1401;JACIRA MACEDO;NÃO ELEITO;109;0,005168171837446297;18;0,5990236512078108;TERESINA;77,06422018348624;0,7367277173922536;0,003377331598190494;0,0516817918883294;6,0
Deputado Federal;BA;1415;RAILA SOIRAN;NÃO ELEITO;105;0,0012678378751713392;34;0,17115646258503403;FEIRA DE SANTANA;30,476190476190474;0,27424210789376996;0,000893548579257759;0,049445736835661204;18,0
Deputado Federal;RJ;1418;LEONARDO BALBI;NÃO ELEITO;104;0,001189420606917876;18;0,47577662721893493;RIO DE JANEIRO;68,26923076923077;0,5902887304622347;0,0004909296035271403;0,05471322902747235;22,0
Deputado Federal;PR;1410;MATHEUS ZOZOLOTO;NÃO ELEITO;102;0,0016406022683095637;28;0,19953863898500576;BANDEIRANTES;42,15686274509804;-0,08228823844735435;0,0005748616386938241;0,04921806013288876;30,0
Deputado Federal;AP;1401;MEIRE SALVIANO;NÃO ELEITO;99;0,021536721197354683;4;0,494949494949495;SANTANA;57,57575757575758;0,525289445811598;0,008728619291130313;0,17229376957883746;3,0
Deputado Federal;BA;1494;LUIS VINICIUS;NÃO ELEITO;98;0,0011833153501599166;13;0,5666389004581425;SALVADOR;74,48979591836735;0,4464984173826694;0,0008339786739739083;0,046149354379950464;19,0
Deputado Federal;BA;1413;LUZIANE SOUZA;NÃO ELEITO;96;0,00115916605729951;43;0,10394965277777779;IBIRATAIA;21,875;0,0608951099654479;0,0008169587010356654;0,04520753082117596;20,0
Deputado Federal;PI;1477;ISRAEL OLIVER;NÃO ELEITO;96;0,004551784370594904;37;0,23046874999999997;TERESINA;46,875;0,3578908414987853;0,002974530581892545;0,045517908452106626;7,0
Deputado Federal;RJ;1466;RENATO ALONSO;NÃO ELEITO;96;0,0010979267140780395;21;0,1820746527777778;RIO DE JANEIRO;32,291666666666664;0,06490854763945876;0,0004531657878712065;0,050504519102282174;23,0
Deputado Federal;PI;1445;CLAUDIA COSTA;NÃO ELEITO;93;0,004409541109013813;30;0,3691756272401433;TERESINA;60,215053763440864;0,5535709219204938;0,002881576501208403;0,04409547381297829;8,0
Deputado Federal;SP;1431;MARCOS BUGALLO;SUPLENTE;91;0,0003843848836547213;29;0,09262166405023549;VALINHOS;19,78021978021978;0,021575883449665316;0,00011314045579440763;0,02690691685171332;44,0
Deputado Federal;AP;1415;BRUNO BORGES;NÃO ELEITO;89;0,0193612948137835;6;0,41118545638177;OIAPOQUE;48,31460674157304;-0,18233109763422936;0,007846940574854524;0,154890358510268;4,0
Deputado Federal;PR;1489;VICTOR MOREIRA;NÃO ELEITO;77;0,0012384938692140825;19;0,256198347107438;DOURADINA;45,45454545454545;-0,028428559675747228;0,0004339641782296516;0,037154810100317986;31,0
Deputado Federal;BA;1421;MARCELO MUZZI;NÃO ELEITO;74;0,0008935238358350391;40;0,09897735573411248;SALVADOR;28,37837837837838;0,08772828970012436;0,000629738998714992;0,03484747167465647;21,0
Deputado Federal;RN;1441;IGOR FERNANDES;NÃO ELEITO;66;0,0033541698429638664;22;0,19283746556473833;NATAL;40,90909090909091;0,26166214612483935;0,0018717563313575905;0,02683341329148405;9,0
Deputado Federal;PA;1481;ESTER ESMIRNA;NÃO ELEITO;64;0,0013244383501885358;27;0,09814453125;BELÉM;26,5625;0,25955811121619393;0,0007604110972494505;0,02251547059092556;10,0
Deputado Federal;SP;1497;GUILHERME COUTO;SUPLENTE;61;0,000257664592339978;21;0,39639881752217154;SÃO PAULO;62,295081967213115;0,11591816038009524;7,58414044336139e-05;0,01803650470279684;45,0
Deputado Federal;PE;1424;ROSANA QUEIROZ;NÃO ELEITO;53;0,0010067427067664318;18;0,33499466002135986;CARUARU;56,60377358490566;0,13509195156992826;0,0006172480055901706;0,025168582011587046;24,0
Deputado Federal;RR;1405;RONETO;NÃO ELEITO;38;0,011918913747839696;3;0,8074792243767314;BOA VISTA;89,47368421052632;0,7341595454754402;0,00573758115657557;0,09535041276691843;3,0
Deputado Federal;AP;1420;MARCIA NERY;NÃO ELEITO;29;0,006308736512356422;3;0,8692033293697979;MACAPÁ;93,10344827586206;0,5465818829963837;0,002556868277199788;0,050469892098851374;5,0
Deputado Federal;SC;1422;ANDRESSA DE OLIVEIRA;NÃO ELEITO;0;0,0;0;;;;;0,0;0,0;16,0
Deputado Federal;SC;1450;BRUNO DIAS;NÃO ELEITO;0;0,0;0;;;;;0,0;0,0;16,0
Governador;RJ;14;CORONEL BUSNELLO;NÃO ELEITO;84889;1,0112301594817732;92;0,15578008273977856;RIO DE JANEIRO;37,67036954140112;0,4734061537250623;0,40071656840207137;;1,0
Governador;MG;14;BEN MENDES;NÃO ELEITO;80308;0,7038158531392187;850;0,03242526266651198;BELO HORIZONTE;14,55645763809334;0,8606790950461648;0,32498624105668683;;1,0
Governador;SC;14;MARCELO BRIGADEIRO;NÃO ELEITO;46624;1,0930127500181097;294;0,04102748535105417;FLORIANÓPOLIS;10,910689773507206;0,8837107053046238;0,3510975563839;;1,0
Governador;PR;14;LUIZ FRANÇA;NÃO ELEITO;44581;0,7141788393140064;397;0,07122322407879952;CURITIBA;23,808348848164016;0,8954570761431303;0,25125398739813115;;1,0
Governador;PE;14;RENAN;NÃO ELEITO;18340;0,34821559443857547;185;0,06184391756819271;RECIFE;20,43620501635769;0,7648143770362038;0,21359110231176848;;1,0
Governador;ES;14;BRENO BARCELOS;NÃO ELEITO;17988;0,8516355920046246;78;0,08672363618094617;VILA VELHA;17,228152101400934;0,9081223980826127;0,3378916522653843;;1,0
Governador;CE;14;DELEGADO HUGGO;NÃO ELEITO;17219;0,3185108659762731;184;0,18729977775162854;FORTALEZA;42,284685521807305;0,8909893168410156;0,16004721760063947;;1,0
Governador;MT;14;RAFAELL MILAS;NÃO ELEITO;10300;0,5548693013441305;141;0,08766104251107551;CUIABÁ;24,262135922330096;0,8639945001457402;0,3105215556225505;;1,0
Governador;MA;14;ANDRÉ LUIS;NÃO ELEITO;7905;0,20557692087642082;216;0,04695258087320134;SÃO LUÍS;16,382036685642;0,622127402944241;0,13091216216216217;;1,0
Senador;SP;144;GUTO SCHIAVETTO;NÃO ELEITO;392916;0,9057975900771413;644;0,10028454894140804;SÃO PAULO;30,676531370572846;0,8933960556573743;0,48851313548258757;;1,0
Senador;RJ;144;HELIO SECCO;NÃO ELEITO;131065;0,8230835416763875;92;0,19634360805332482;RIO DE JANEIRO;42,909243505131045;0,6784979513396643;0,6186893123681216;;1,0
Senador;PR;144;KAREN GUERREIRO;NÃO ELEITO;93198;0,8073537296168045;399;0,08120538703092062;CURITIBA;25,816004635292604;0,9325831046121131;0,5252544608135983;;1,0
Senador;SC;144;TÚLIO DE AMORIM PFUETZENREITER;NÃO ELEITO;59365;0,7382696397259082;295;0,04076820484721054;JOINVILLE;11,036806198938768;0,8422615164332056;0,44704243382657477;;1,0
Senador;RO;144;ENGENHEIRO THULIO;NÃO ELEITO;7594;0,43150228024578696;52;0,23676257311661364;PORTO VELHO;46,273373716091655;0,9745596601199324;0,3957888153437223;;1,0
