nm_urna;nr_candidato;cargo;sg_uf;nm_municipio;aptos;votos;renan_votos;razao_cand_renan
ÍTALO MOREIRA;14190;Deputado Estadual;SP;SOROCABA;531342;14709;14567;1,00974806068511
EVANDRO AUGUSTO;1414;Deputado Federal;RS;SANTA CRUZ DO SUL;105305;9240;2704;3,417159763313609
MARI MAZZON SOS 4 PATAS;14444;Deputado Estadual;PR;CAMPO LARGO;94798;3939;2143;1,838077461502567
EVANDRO AUGUSTO;1414;Deputado Federal;RS;CANDELÁRIA;22407;3052;486;6,279835390946502
LUANA SILVA;14000;Deputado Estadual;MG;CHAPADA GAÚCHA;9589;1655;143;11,57342657342657
EVANDRO AUGUSTO;1414;Deputado Federal;RS;VERA CRUZ;19445;1508;385;3,916883116883117
VALDEMAR ABRAO;1419;Deputado Federal;MG;BAEPENDI;15621;1238;248;4,991935483870968
EVANDRO AUGUSTO;1414;Deputado Federal;RS;VALE DO SOL;8086;1173;164;7,152439024390244
EVANDRO AUGUSTO;1414;Deputado Federal;RS;SOBRADINHO;10579;1003;212;4,731132075471698
JOEL CONSTÂNCIA;14123;Deputado Estadual;PE;PAUDALHO;45812;903;490;1,842857142857143
EVANDRO AUGUSTO;1414;Deputado Federal;RS;BARROS CASSAL;8271;668;100;6,68
EVANDRO AUGUSTO;1414;Deputado Federal;RS;BOQUEIRÃO DO LEÃO;5325;573;122;4,69672131147541
EVANDRO AUGUSTO;1414;Deputado Federal;RS;SINIMBU;6825;553;165;3,351515151515152
EVANDRO AUGUSTO;1414;Deputado Federal;RS;LAGOÃO;4895;548;106;5,169811320754717
EVANDRO AUGUSTO;1414;Deputado Federal;RS;RIO PARDO;28673;518;447;1,158836689038031
LUANA SILVA;14000;Deputado Estadual;MG;ARINOS;14460;508;158;3,215189873417721
MAYKEL CARVALHO;1444;Deputado Federal;GO;GUAPÓ;14861;507;129;3,930232558139535
EVANDRO AUGUSTO;1414;Deputado Federal;RS;ARROIO DO TIGRE;9941;505;155;3,258064516129032
EVANDRO AUGUSTO;1414;Deputado Federal;RS;ESPUMOSO;12400;455;154;2,954545454545455
EVANDRO AUGUSTO;1414;Deputado Federal;RS;AGUDO;12534;389;290;1,341379310344827
EVANDRO AUGUSTO;1414;Deputado Federal;RS;PASSO DO SOBRADO;5251;382;93;4,10752688172043
EVANDRO AUGUSTO;1414;Deputado Federal;RS;CERRO BRANCO;3490;338;61;5,540983606557377
EVANDRO AUGUSTO;1414;Deputado Federal;RS;SEGREDO;5695;338;85;3,976470588235294
EVANDRO AUGUSTO;1414;Deputado Federal;RS;CAMPOS BORGES;3183;328;49;6,693877551020408
EVANDRO AUGUSTO;1414;Deputado Federal;RS;IBARAMA;3655;307;85;3,611764705882353
MARI MAZZON SOS 4 PATAS;14444;Deputado Estadual;PR;BALSA NOVA;12129;303;212;1,429245283018868
KIM KATAGUIRI;1414;Deputado Federal;SP;MERIDIANO;3765;290;98;2,959183673469388
ROQUES PEREIRA;1467;Deputado Federal;BA;IBIPITANGA;13075;285;95;3,0
EVANDRO AUGUSTO;1414;Deputado Federal;RS;GRAMADO XAVIER;3049;279;50;5,58
EVANDRO AUGUSTO;1414;Deputado Federal;RS;NOVO CABRAIS;3764;260;66;3,939393939393939
UELITON BRILHOSO;1444;Deputado Federal;CE;MARCO;23434;258;221;1,167420814479638
EVANDRO AUGUSTO;1414;Deputado Federal;RS;PROGRESSO;4932;257;90;2,855555555555556
EVANDRO AUGUSTO;1414;Deputado Federal;RS;PASSA SETE;3747;225;67;3,358208955223881
PAULO COELHO;1466;Deputado Federal;SP;SÃO LUÍS DO PARAITINGA;10204;218;186;1,172043010752688
EVANDRO AUGUSTO;1414;Deputado Federal;RS;HERVEIRAS;2629;209;50;4,18
EVANDRO AUGUSTO;1414;Deputado Federal;RS;LAGOA BONITA DO SUL;2310;208;45;4,622222222222222
EVANDRO AUGUSTO;1414;Deputado Federal;RS;SALTO DO JACUÍ;7867;197;106;1,858490566037736
RADMAN GADIEL;1477;Deputado Federal;MT;ITIQUIRA;9345;193;109;1,770642201834862
EVANDRO AUGUSTO;1414;Deputado Federal;RS;TAPERA;7887;191;154;1,24025974025974
EVANDRO AUGUSTO;1414;Deputado Federal;RS;ALTO ALEGRE;1850;160;38;4,210526315789473
EVANDRO AUGUSTO;1414;Deputado Federal;RS;FORTALEZA DOS VALOS;3686;151;46;3,282608695652174
LUANA SILVA;14000;Deputado Estadual;MG;FORMOSO;6282;137;35;3,914285714285714
EVANDRO AUGUSTO;1414;Deputado Federal;RS;PANTANO GRANDE;8416;135;131;1,030534351145038
EVANDRO AUGUSTO;1414;Deputado Federal;RS;ESTRELA VELHA;2953;119;28;4,25
EVANDRO AUGUSTO;1414;Deputado Federal;RS;FAXINAL DO SOTURNO;5638;113;82;1,378048780487805
EVANDRO AUGUSTO;1414;Deputado Federal;RS;NOVA PALMA;5060;106;67;1,582089552238806
EVANDRO AUGUSTO;1414;Deputado Federal;RS;VALE VERDE;3292;82;45;1,822222222222222
EVANDRO AUGUSTO;1414;Deputado Federal;RS;BOA VISTA DO INCRA;2195;78;32;2,4375
EVANDRO AUGUSTO;1414;Deputado Federal;RS;JACUIZINHO;2056;72;22;3,272727272727273
ROQUES PEREIRA;1467;Deputado Federal;BA;IBITIARA;12093;71;68;1,044117647058824
EVANDRO AUGUSTO;1414;Deputado Federal;RS;TUNAS;3346;71;42;1,69047619047619
GUILHERME TEDGUE;1422;Deputado Federal;BA;CONCEIÇÃO DO ALMEIDA;14213;70;53;1,320754716981132
EVANDRO AUGUSTO;1414;Deputado Federal;RS;LAGOA DOS TRÊS CANTOS;1717;70;33;2,121212121212121
EVANDRO AUGUSTO;1414;Deputado Federal;RS;QUINZE DE NOVEMBRO;3825;69;47;1,468085106382979
VAGNER VISOLI;1410;Deputado Federal;SC;IPUAÇU;5697;63;40;1,575
EVANDRO AUGUSTO;1414;Deputado Federal;RS;SÃO JOÃO DO POLÊSINE;2578;62;44;1,409090909090909
KIM KATAGUIRI;1414;Deputado Federal;SP;NOVA ALIANÇA;5431;62;53;1,169811320754717
EVANDRO AUGUSTO;1414;Deputado Federal;RS;COXILHA;2867;57;34;1,676470588235294
KIM KATAGUIRI;1414;Deputado Federal;SP;PEDRANÓPOLIS;2682;56;54;1,037037037037037
EVANDRO AUGUSTO;1414;Deputado Federal;RS;SÉRIO;2072;54;26;2,076923076923077
JOÃO PAULO;14111;Deputado Estadual;RS;CHIAPETTA;3635;52;40;1,3
KIM KATAGUIRI;1414;Deputado Federal;SP;MARAPOAMA;2797;45;32;1,40625
KIM KATAGUIRI;1414;Deputado Federal;SP;POLONI;4510;45;41;1,097560975609756
EVANDRO AUGUSTO;1414;Deputado Federal;RS;DONA FRANCISCA;3059;42;40;1,05
EVANDRO AUGUSTO;1414;Deputado Federal;RS;PINHAL GRANDE;3602;38;29;1,310344827586207
KIM KATAGUIRI;1414;Deputado Federal;SP;MARABÁ PAULISTA;3188;21;19;1,105263157894737
MAYKEL CARVALHO;1444;Deputado Federal;GO;MATRINCHÃ;3955;18;11;1,636363636363636
KIM KATAGUIRI;1414;Deputado Federal;SP;BORÁ;1094;5;4;1,25
