nm_municipio;sg_uf;aptos;renan_votos;renan_pct;renan_pos;pct_uf;capital_vs_uf;df_total;df_pct;razao_df;lider_pres
CURITIBA;PR;1415148;43451;3,973810947894432;3;2,694418414020561;1,474830682278772;20597;1,993293429399554;0,4740282156912384;FLAVIO BOLSONARO
SÃO PAULO;SP;9145124;249725;3,810954672949966;3;3,232374234757071;1,178995498717796;223716;3,585219886306818;0,8958494343778156;LULA
FLORIANÓPOLIS;SC;423969;12075;3,694558672345425;4;2,950411884564343;1,252217933256787;5486;1,772484806580745;0,4543271221532091;FLAVIO BOLSONARO
PORTO ALEGRE;RS;1064200;24187;3,113763667049874;3;2,608699984399925;1,193607423494553;7756;1,051595425912418;0,3206681275065117;LULA
VITÓRIA;ES;267102;6204;2,964506202335671;4;2,364911389121123;1,253537961706623;2066;1,037763333701691;0,3330109606705351;FLAVIO BOLSONARO
CAMPO GRANDE;MS;641185;14315;2,899604608578698;4;2,136983837914805;1,356867823299979;5053;1,088891283266889;0,3529863779252532;FLAVIO BOLSONARO
BELO HORIZONTE;MG;1966966;39081;2,732004742437546;4;2,064716313315972;1,323186495315619;12696;0,9375512307944521;0,3248637445305903;FLAVIO BOLSONARO
PORTO VELHO;RO;367902;7770;2,713576263017832;4;1,982007295009911;1,36910508344232;1474;0,5405901014064878;0,1897039897039897;FLAVIO BOLSONARO
MACAPÁ;AP;321597;7001;2,654729673363214;4;2,439884868067238;1,088055304620241;630;0,2432563922374182;0,0899871446936152;FLAVIO BOLSONARO
BRASÍLIA;DF;2258320;46714;2,635028722794572;4;2,635028722794572;1,0;20186;1,216715278619119;0,4321188508798219;FLAVIO BOLSONARO
BOA VISTA;RR;241509;5077;2,601002079981967;4;2,034434563578;1,278488935720564;705;0,3741680731140337;0,1388615324010242;FLAVIO BOLSONARO
BELÉM;PA;1048781;21476;2,599313982508249;4;1,730660564750743;1,50192015433287;3527;0,4417303002939441;0,1642298379586515;LULA
RIO DE JANEIRO;RJ;4952612;88676;2,554124948082793;4;2,260936849632325;1,12967549204134;34169;1,057690879014205;0,3853241012224277;FLAVIO BOLSONARO
FORTALEZA;CE;1795713;37754;2,533189655750838;4;1,91510434485727;1,322742367826247;7711;0,5335641685124485;0,2042432589924247;LULA
SÃO LUÍS;MA;761443;14793;2,388579769489862;4;1,506005541274363;1,586036507852869;1649;0,27413383516394;0,1114716419928344;LULA
TERESINA;PI;592974;11415;2,357545591606601;4;1,503638195037817;1,567894191160333;2023;0,4443507273689737;0,1772229522558038;LULA
JOÃO PESSOA;PB;591750;11025;2,340913433976687;4;1,680638504988768;1,392871475351763;2507;0,5717961057651736;0,2273922902494331;LULA
PALMAS;TO;219783;4164;2,340298775895597;5;1,395350836748358;1,677211719275769;1005;0,6057756640928735;0,2413544668587896;FLAVIO BOLSONARO
RIO BRANCO;AC;270174;4808;2,324344706894718;5;1,701253128557602;1,36625447905298;0;0,0;0,0;FLAVIO BOLSONARO
CUIABÁ;MT;456517;8103;2,240774744480333;5;1,664084668146299;1,346550922181403;2236;0,6567777940960494;0,2759471800567691;FLAVIO BOLSONARO
ARACAJU;SE;422179;7431;2,213774797346211;5;1,569056059393225;1,410895923121005;2401;0,7861074095780034;0,3231059076840264;LULA
NATAL;RN;573148;9578;2,194891114792943;4;1,701869493575456;1,289694141106965;2583;0,6377352620936383;0,2696805178534141;LULA
MANAUS;AM;1477265;25155;2,127202570063229;4;1,631492739834271;1,30383820787294;3942;0,3479670146336813;0,1567084078711986;FLAVIO BOLSONARO
MACEIÓ;AL;646463;10043;2,02432495626023;4;1,476257603680555;1,371254550163367;3075;0,6496085448346086;0,3061834113312755;FLAVIO BOLSONARO
SALVADOR;BA;1955479;29219;2,019261734855364;5;1,372921541381885;1,470777225057536;9231;0,6754166203267403;0,3159245696293508;LULA
RECIFE;PE;1230407;17723;1,802697078131453;4;1,533025163108771;1,175908342219134;6105;0,6618553415141039;0,3444676409185804;LULA
GOIÂNIA;GO;1019261;13738;1,736580309570911;4;1,413466610133227;1,228596626988754;6221;0,8344600757600147;0,4528315620905518;FLAVIO BOLSONARO
