sg_uf;validos_df;df_total;renan_votos;pct;meta_votos;faltam;atinge;pct_se_100_renan;conversao_necessaria_pct;eleitos;faltam_acumulado
SP;23674188;656391;804310;2,772601957879189;355113;0;True;3,3974132502453727;44,151260086285134;1;0
RR;318821;840;6623;0,26347072495224594;4783;3943;False;2,0773412039984818;72,21802808394987;0;3943
DF;1659057;20186;46714;1,2167152786191193;24886;4700;False;2,8156959043601275;53,27310870402877;0;8643
AP;459680;1026;11342;0,2231987469544031;6896;5870;False;2,4673686042464325;60,800564274378424;0;14513
AC;462485;0;7980;0,0;6938;6938;False;1,7254613663145832;86,94235588972431;0;21451
RO;932939;4263;19187;0,4569430584421918;13995;9732;False;2,0566189214943313;72,94001146609683;0;31183
TO;902567;2370;12983;0,26258438431717535;13539;11169;False;1,438452768603328;104,2825232996996;0;42352
MS;1420762;10022;31847;0,70539611842096;21312;11290;False;2,241543622366026;66,91996106383647;0;53642
SE;1283700;5838;21405;0,4547791540079458;19256;13418;False;1,6674456648749707;89,96028965195048;0;67060
SC;4231498;49229;132795;1,1633941455248236;63473;14244;False;3,1382503312065846;47,79773334839414;0;81304
RS;6081271;76310;167558;1,2548363656215946;91220;14910;False;2,7553121707616715;54,44085033242221;0;96214
ES;2134985;15137;53236;0,7089979554891487;32025;16888;False;2,4935069801427177;60,15666090615374;0;113102
PR;6217229;75584;177434;1,2157184494893143;93259;17675;False;2,8539080674043054;52,559825061713084;0;130777
MT;1901719;9561;33170;0,5027556647433191;28526;18965;False;1,7442114213508935;85,99939704552307;0;149742
AL;1798341;6630;26851;0,3686731270654453;26976;20346;False;1,4930983612118058;100,465532009981;0;170088
RN;1967700;8015;35261;0,4073283528993241;29516;21501;False;1,7919906489810438;83,70721193386461;0;191589
AM;2118897;5109;35410;0,24111601460571233;31784;26675;False;1,6711524911309987;89,759954815024;0;218264
PI;2109063;4595;32274;0,217869262321704;31636;27041;False;1,5302530080893744;98,0231765507839;0;245305
PB;2399949;8846;42247;0,36859116589560864;36000;27154;False;1,760329073659482;85,21315122967312;0;272459
GO;3607744;21685;54105;0,6010681467421192;54117;32432;False;1,499690665413067;100,02217909620184;0;304891
PE;5264503;26945;85865;0,5118241930909717;78968;52023;False;1,631018160688673;91,96762359517848;0;356914
MA;3970048;7222;60384;0,18191215824090792;59551;52329;False;1,5209891668816093;98,6204954954955;0;409243
RJ;8743753;75096;211843;0,8588531720875463;131157;56061;False;2,422792592608689;61,912359624816496;0;465304
PA;4832237;11441;84165;0,23676404944542248;72484;61043;False;1,7417399022440332;86,12130933285808;0;526347
CE;5521642;19041;107587;0,3448430738537558;82825;63784;False;1,9484602587418742;76,98420812923494;0;590131
BA;8281816;34926;117509;0,42171910122127804;124228;89302;False;1,4188796273667514;105,71785990860275;0;679433
MG;11380151;67261;247112;0,5910378517824588;170703;103442;False;2,171429887002378;69,07920295250737;0;782875
