indicador;valor
Situação;Não atingiu
Votos válidos para Dep. Federal no país;113676745
Votos do partido para Dep. Federal (nominal + legenda);1223569
% dos válidos no país;1.0763582296449463
Meta de 2,50% (votos);2841919
Faltaram para 2,50%;1618350
Multiplicador necessário sobre a votação obtida;2.322647108581535
UFs com ≥ 1,50% (exigidas: 9);1
Votos para levar as 9 UFs mais próximas a 1,50%;67060
Deputados federais eleitos (exigidos: 13);1
UFs com deputado eleito (exigidas: 9);1
Com 100% dos votos do presidenciável na chapa: % no país;2.3462995883634776
Com 100% dos votos do presidenciável na chapa: UFs com ≥ 1,50%;23
