nm_municipio;sg_uf;aptos;renan_votos;renan_pct;df_total;df_nominais;df_legenda;razao_df;top_df_nome;top_df_votos;de_total;razao_de;top_de_nome;top_de_votos
VALE DO SOL;RS;8086;164;2,6114649681528666;1188;1176;12;7,2439024390243905;EVANDRO AUGUSTO;1173;38;0,23170731707317074;PEDRO MONTEIRO;7
BARROS CASSAL;RS;8271;100;1,6450074025333112;677;669;8;6,77;EVANDRO AUGUSTO;668;18;0,18;PEDRO MONTEIRO;4
CAMPOS BORGES;RS;3183;49;2,013974517057131;331;330;1;6,755102040816326;EVANDRO AUGUSTO;328;8;0,16326530612244897;CARLOS IRAN;2
CANDELÁRIA;RS;22407;486;2,8610113616294814;3085;3068;17;6,347736625514403;EVANDRO AUGUSTO;3052;157;0,3230452674897119;PEDRO MONTEIRO;61
CERRO BRANCO;RS;3490;61;2,2517534145441123;341;338;3;5,590163934426229;EVANDRO AUGUSTO;338;9;0,14754098360655737;PEDRO MONTEIRO;4
GRAMADO XAVIER;RS;3049;50;2,103491796381994;279;279;0;5,58;EVANDRO AUGUSTO;279;10;0,2;NATÁLIA MEDINA;4
LAGOÃO;RS;4895;106;2,7850761954808196;556;550;6;5,245283018867925;EVANDRO AUGUSTO;548;8;0,07547169811320754;PEDRO MONTEIRO;2
BAEPENDI;MG;15621;248;2,113336173838943;1298;1281;17;5,233870967741935;VALDEMAR ABRAO;1238;98;0,3951612903225806;LUANA SILVA;29
SOBRADINHO;RS;10579;212;2,5762547089561307;1021;1019;2;4,816037735849057;EVANDRO AUGUSTO;1003;68;0,32075471698113206;PEDRO MONTEIRO;25
BOQUEIRÃO DO LEÃO;RS;5325;122;2,8464769015398974;580;577;3;4,754098360655738;EVANDRO AUGUSTO;573;37;0,30327868852459017;PEDRO MONTEIRO;16
LAGOA BONITA DO SUL;RS;2310;45;2,518186905428092;210;208;2;4,666666666666667;EVANDRO AUGUSTO;208;4;0,08888888888888889;PEDRO MONTEIRO;2
ESTRELA VELHA;RS;2953;28;1,212646167171936;122;121;1;4,357142857142857;EVANDRO AUGUSTO;119;9;0,32142857142857145;JOÃO PAULO;2
ALTO ALEGRE;RS;1850;38;2,5282767797737855;165;164;1;4,342105263157895;EVANDRO AUGUSTO;160;16;0,42105263157894735;PEDRO MONTEIRO;8
HERVEIRAS;RS;2629;50;2,481389578163772;211;210;1;4,22;EVANDRO AUGUSTO;209;11;0,22;PEDRO MONTEIRO;3
PASSO DO SOBRADO;RS;5251;93;2,1433510025351463;390;384;6;4,193548387096774;EVANDRO AUGUSTO;382;10;0,10752688172043011;PEDRO MONTEIRO;3
GUAPÓ;GO;14861;129;1,1819681143485432;537;531;6;4,162790697674419;MAYKEL CARVALHO;507;0;0,0;;0
NOVO CABRAIS;RS;3764;66;2,224469160768453;269;267;2;4,075757575757576;EVANDRO AUGUSTO;260;12;0,18181818181818182;CARLOS IRAN;5
VERA CRUZ;RS;19445;385;2,4039962535123323;1551;1525;26;4,0285714285714285;EVANDRO AUGUSTO;1508;90;0,23376623376623376;PEDRO MONTEIRO;26
SEGREDO;RS;5695;85;1,9049753473778575;340;338;2;4,0;EVANDRO AUGUSTO;338;9;0,10588235294117647;JOÃO PAULO;3
IBARAMA;RS;3655;85;3,021685033771774;315;311;4;3,7058823529411766;EVANDRO AUGUSTO;307;11;0,12941176470588237;PEDRO MONTEIRO;3
SANTA CRUZ DO SUL;RS;105305;2704;3,319502074688797;9463;9363;100;3,499630177514793;EVANDRO AUGUSTO;9240;616;0,22781065088757396;PEDRO MONTEIRO;173
SINIMBU;RS;6825;165;2,9896720420366005;568;557;11;3,4424242424242424;EVANDRO AUGUSTO;553;34;0,20606060606060606;CARLOS IRAN;9
PASSA SETE;RS;3747;67;2,293735022252653;230;230;0;3,4328358208955225;EVANDRO AUGUSTO;225;8;0,11940298507462686;CARLOS IRAN;2
FORTALEZA DOS VALOS;RS;3686;46;1,4964216005204944;156;153;3;3,391304347826087;EVANDRO AUGUSTO;151;5;0,10869565217391304;CARLOS IRAN;3
ARROIO DO TIGRE;RS;9941;155;1,9394394394394394;518;510;8;3,3419354838709676;EVANDRO AUGUSTO;505;38;0,24516129032258063;PEDRO MONTEIRO;10
JACUIZINHO;RS;2056;22;1,32291040288635;72;72;0;3,272727272727273;EVANDRO AUGUSTO;72;13;0,5909090909090909;PEDRO MONTEIRO;7
MERIDIANO;SP;3765;98;3,451919690031701;317;315;2;3,2346938775510203;KIM KATAGUIRI;290;86;0,8775510204081632;RAFA MINATO;68
IBIPITANGA;BA;13075;95;0,9704770660945959;300;297;3;3,1578947368421053;ROQUES PEREIRA;285;21;0,22105263157894736;RAFA ANDRADE;11
ESPUMOSO;RS;12400;154;1,5612327656123277;469;463;6;3,0454545454545454;EVANDRO AUGUSTO;455;40;0,2597402597402597;CARLOS IRAN;13
PROGRESSO;RS;4932;90;2,2282743253280515;263;261;2;2,922222222222222;EVANDRO AUGUSTO;257;14;0,15555555555555556;SAUAN ROCKENBACH;3
BOA VISTA DO INCRA;RS;2195;32;1,7660044150110374;84;82;2;2,625;EVANDRO AUGUSTO;78;7;0,21875;PEDRO MONTEIRO;2
LAGOA DOS TRÊS CANTOS;RS;1717;33;2,2664835164835164;73;73;0;2,212121212121212;EVANDRO AUGUSTO;70;2;0,06060606060606061;NATÁLIA MEDINA;1
SÉRIO;RS;2072;26;1,5931372549019607;54;54;0;2,076923076923077;EVANDRO AUGUSTO;54;2;0,07692307692307693;NATÁLIA MEDINA;1
SALTO DO JACUÍ;RS;7867;106;1,7480211081794195;212;209;3;2,0;EVANDRO AUGUSTO;197;32;0,3018867924528302;PEDRO MONTEIRO;10
MATRINCHÃ;GO;3955;11;0,3782668500687758;22;21;1;2,0;MAYKEL CARVALHO;18;0;0,0;;0
ITIQUIRA;MT;9345;109;1,6174506603353611;214;212;2;1,963302752293578;RADMAN GADIEL;193;0;0,0;;0
VALE VERDE;RS;3292;45;1,8633540372670807;85;83;2;1,8888888888888888;EVANDRO AUGUSTO;82;5;0,1111111111111111;CARLOS IRAN;3
SÃO LUÍS DO PARAITINGA;SP;10204;186;2,4403043820519548;341;339;2;1,8333333333333333;PAULO COELHO;218;118;0,6344086021505376;RENATO BATTISTA;48
TUNAS;RS;3346;42;1,5939278937381403;75;73;2;1,7857142857142858;EVANDRO AUGUSTO;71;9;0,21428571428571427;PEDRO MONTEIRO;4
COXILHA;RS;2867;34;1,471861471861472;60;60;0;1,7647058823529411;EVANDRO AUGUSTO;57;5;0,14705882352941177;CARLOS IRAN;3
CONCEIÇÃO DO ALMEIDA;BA;14213;53;0,46491228070175444;93;86;7;1,7547169811320755;GUILHERME TEDGUE;70;26;0,49056603773584906;RAFA ANDRADE;14
CAPIVARI;SP;37609;723;2,5293870696893364;1251;1238;13;1,7302904564315353;GABRIEL PIAUHY LIMA DA SILVA;680;438;0,6058091286307054;RAFA MINATO;164
IPUAÇU;SC;5697;40;0,9057971014492754;69;69;0;1,725;VAGNER VISOLI;63;15;0,375;NILSON VICENTI;8
NOVA PALMA;RS;5060;67;1,654729562855026;113;113;0;1,6865671641791045;EVANDRO AUGUSTO;106;8;0,11940298507462686;PAULA SILVA;2
SÃO JOÃO DO POLÊSINE;RS;2578;44;2,1868787276341948;69;68;1;1,5681818181818181;EVANDRO AUGUSTO;62;7;0,1590909090909091;PEDRO MONTEIRO;3
MARAPOAMA;SP;2797;32;1,4532243415077202;50;50;0;1,5625;KIM KATAGUIRI;45;23;0,71875;RAFA MINATO;17
QUINZE DE NOVEMBRO;RS;3825;47;1,4765944077913917;72;72;0;1,5319148936170213;EVANDRO AUGUSTO;69;4;0,0851063829787234;NATÁLIA MEDINA;2
PINHAL GRANDE;RS;3602;29;1,0673536989326464;43;42;1;1,4827586206896552;EVANDRO AUGUSTO;38;4;0,13793103448275862;NATÁLIA MEDINA;1
FAXINAL DO SOTURNO;RS;5638;82;1,889836367826688;117;117;0;1,4268292682926829;EVANDRO AUGUSTO;113;19;0,23170731707317074;PEDRO MONTEIRO;9
IBITIARA;BA;12093;68;0,7537966965968296;96;89;7;1,411764705882353;ROQUES PEREIRA;71;19;0,27941176470588236;RAFA ANDRADE;13
AGUDO;RS;12534;290;2,8478837277815967;405;398;7;1,396551724137931;EVANDRO AUGUSTO;389;36;0,12413793103448276;PEDRO MONTEIRO;16
TAPERA;RS;7887;154;2,42062244577177;212;211;1;1,3766233766233766;EVANDRO AUGUSTO;191;30;0,19480519480519481;CARLOS IRAN;13
MARABÁ PAULISTA;SP;3188;19;0,8763837638376383;24;24;0;1,263157894736842;KIM KATAGUIRI;21;8;0,42105263157894735;RAFA MINATO;6
BALBINOS;SP;1423;20;2,004008016032064;25;25;0;1,25;KIM KATAGUIRI;15;16;0,8;RENATO BATTISTA;5
BORÁ;SP;1094;4;0,48661800486618007;5;5;0;1,25;KIM KATAGUIRI;5;4;1,0;RENATO BATTISTA;2
NOVA ALIANÇA;SP;5431;53;1,3323278029160381;66;66;0;1,2452830188679245;KIM KATAGUIRI;62;33;0,6226415094339622;RAFA MINATO;16
RIO PARDO;RS;28673;447;2,1663274207618497;552;540;12;1,2348993288590604;EVANDRO AUGUSTO;518;61;0,13646532438478748;PEDRO MONTEIRO;22
PEDRANÓPOLIS;SP;2682;54;2,727272727272727;65;64;1;1,2037037037037037;KIM KATAGUIRI;56;30;0,5555555555555556;RAFA MINATO;20
MARCO;CE;23434;221;1,1811865312667025;266;261;5;1,2036199095022624;UELITON BRILHOSO;258;0;0,0;;0
POLONI;SP;4510;41;1,1977797253870874;49;47;2;1,1951219512195121;KIM KATAGUIRI;45;30;0,7317073170731707;RAFA MINATO;16
NOVA ODESSA;SP;47408;1157;3,1134791851672454;1349;1321;28;1,1659464131374244;KIM KATAGUIRI;806;712;0,6153846153846154;RAFA MINATO;239
PANTANO GRANDE;RS;8416;131;2,085323145495065;152;150;2;1,1603053435114503;EVANDRO AUGUSTO;135;36;0,2748091603053435;NATÁLIA MEDINA;14
URU;SP;1622;13;1,1054421768707483;15;15;0;1,1538461538461537;KIM KATAGUIRI;13;8;0,6153846153846154;RAFA MINATO;4
RAFARD;SP;7253;140;2,430555555555556;161;159;2;1,15;KIM KATAGUIRI;96;69;0,4928571428571429;RAFA MINATO;34
DONA FRANCISCA;RS;3059;40;1,6778523489932886;46;46;0;1,15;EVANDRO AUGUSTO;42;11;0,275;PEDRO MONTEIRO;4
CURRAL VELHO;PB;2327;7;0,4027617951668585;8;4;4;1,1428571428571428;EDUARDO WILLIAM;2;0;0,0;;0
APARECIDA D'OESTE;SP;3777;32;1,1180992313067784;36;36;0;1,125;KIM KATAGUIRI;30;22;0,6875;RAFA MINATO;6
TAQUARAL;SP;2275;16;0,9014084507042254;18;18;0;1,125;KIM KATAGUIRI;16;10;0,625;RAFA MINATO;5
IBIRAPUITÃ;RS;3410;32;1,204365826119684;36;35;1;1,125;EVANDRO AUGUSTO;32;5;0,15625;NATÁLIA MEDINA;2
SÃO MIGUEL DOS CAMPOS;AL;43051;480;1,5066859187645176;538;516;22;1,1208333333333333;IVANILDO MARQUES;469;68;0,14166666666666666;LUCIANO VENTURA;16
CAÇU;GO;10792;51;0,6375;57;52;5;1,1176470588235294;FERNANDA BORGES;28;0;0,0;;0
BARBOSA;SP;4970;29;0,8024349750968456;32;29;3;1,103448275862069;KIM KATAGUIRI;25;5;0,1724137931034483;RAFA MINATO;2
VITÓRIA BRASIL;SP;1673;10;0,7369196757553427;11;11;0;1,1;KIM KATAGUIRI;3;9;0,9;SOLDADO MACIEL;4
QUINTANA;SP;5214;62;1,605385810460901;67;66;1;1,0806451612903225;KIM KATAGUIRI;57;28;0,45161290322580644;RAFA MINATO;20
SANTANA DA PONTE PENSA;SP;1925;13;0,9482129832239241;14;14;0;1,0769230769230769;KIM KATAGUIRI;12;5;0,38461538461538464;RAFA MINATO;3
TRÊS FRONTEIRAS;SP;5256;72;1,8962338688438238;77;72;5;1,0694444444444444;KIM KATAGUIRI;62;52;0,7222222222222222;RAFA MINATO;30
JAMBEIRO;SP;4996;78;2,0711630377057886;83;83;0;1,064102564102564;KIM KATAGUIRI;60;35;0,44871794871794873;RAFA MINATO;23
RIOZINHO;RS;4370;101;2,849887133182844;107;104;3;1,0594059405940595;MAURICIO LINDOL;92;21;0,2079207920792079;PAULA SILVA;14
CAÇAPAVA;SP;72595;1707;3,1208863536638876;1805;1774;31;1,057410661980082;KIM KATAGUIRI;1086;863;0,5055653192735794;RAFA MINATO;332
LUTÉCIA;SP;2380;22;1,2195121951219512;23;23;0;1,0454545454545454;KIM KATAGUIRI;18;11;0,5;RAFA MINATO;7
CARDOSO;SP;9593;73;1,1186025130248238;76;76;0;1,0410958904109588;KIM KATAGUIRI;70;33;0,4520547945205479;RAFA MINATO;19
INDIARA;GO;12731;148;1,5541321012286045;154;145;9;1,0405405405405406;JOÃO NOLETO;129;0;0,0;;0
JABORANDI;SP;5006;52;1,3723937714436527;54;52;2;1,0384615384615385;KIM KATAGUIRI;45;34;0,6538461538461539;RAFA MINATO;9
INDIAPORÃ;SP;3164;34;1,4406779661016949;35;35;0;1,0294117647058822;KIM KATAGUIRI;31;12;0,35294117647058826;RAFA MINATO;7
AURIFLAMA;SP;11053;111;1,3389626055488542;114;113;1;1,027027027027027;KIM KATAGUIRI;81;70;0,6306306306306306;RAFA MINATO;28
COLINA;SP;14048;165;1,6010091209004464;169;166;3;1,0242424242424242;KIM KATAGUIRI;134;117;0,7090909090909091;RAFA MINATO;54
SALES;SP;5354;55;1,3781007266349286;56;56;0;1,018181818181818;KIM KATAGUIRI;43;33;0,6;RAFA MINATO;15
RIVERSUL;SP;4559;67;1,964809384164223;68;65;3;1,0149253731343284;KIM KATAGUIRI;58;39;0,582089552238806;RENATO BATTISTA;17
SÃO PEDRO;SP;28554;454;2,2319453320879012;460;454;6;1,013215859030837;KIM KATAGUIRI;408;226;0,4977973568281938;RAFA MINATO;109
VALINHOS;SP;94676;2574;3,5184122037234475;2601;2552;49;1,0104895104895104;KIM KATAGUIRI;2088;1681;0,653069153069153;RAFA MINATO;713
