sg_uf;municipios;distorcao_pos_z3;distorcao_neg_z3;amplitude_pct_suav
PA;144;3;1;2,4891577401691936
PR;399;2;0;3,194643306604586
AL;102;1;1;1,358604454799344
RN;167;1;0;1,9650431790083065
RR;15;1;1;2,223583460366922
MG;853;1;1;3,907571126608632
SE;75;1;0;1,57929146686016
BA;417;1;0;1,7319334894009948
AM;62;0;0;1,546697241590529
CE;184;0;0;1,9326370693880173
AC;22;0;0;1,8512045742393182
MA;217;0;0;2,151477301603163
GO;246;0;0;1,6595069300855738
ES;78;0;0;1,9958638597890146
DF;1;0;0;0,0
AP;16;0;0;1,436093700542006
PB;223;0;1;1,688915043084784
MT;142;0;0;1,6380056911965606
MS;79;0;0;2,045579313351368
RJ;92;0;0;1,7146792851524084
PI;224;0;0;1,8698706580140694
PE;185;0;0;1,489312445136693
RO;52;0;0;1,7472574278849549
RS;497;0;0;2,850472558011295
SC;295;0;0;3,0578841645996726
SP;645;0;0;3,221116124175303
TO;139;0;0;1,892397107984099
