nm_municipio;sg_uf;aptos;validos_pres;renan_votos;renan_pct100;pct_uf100;pct_suav100;idr_suav;z_robusto;renan_pos;df_total;df_pct100;razao_df;top_df_nome
SÃO FRANCISCO DE ITABAPOANA;RJ;39905;28320;334;1,179378531073446;2,260936849632325;1,252834804098936;0,5541219801440596;-2,600332399000545;5;92;0,3424275133062865;0,2754491017964072;VICTOR ANTOUN
INDEPENDÊNCIA;CE;21208;16903;130;0,7690942436253919;1,91510434485727;0,811984830219851;0,4239898637378775;-2,359454254699428;5;13;0,0754410399257196;0,1;GABRIEL CARVALHO
PRAINHA;PA;27386;21263;127;0,5972816629826458;1,730660564750743;0,6176048245563472;0,3568607485115357;-2,26451035972879;4;16;0,07401582088171346;0,1259842519685039;JOHN ROBERT
CANSANÇÃO;BA;28890;22981;118;0,5134676471868065;1,372921541381885;0,5353344685122461;0,389923569830084;-2,190650953471822;4;38;0,1689489596300907;0,3220338983050847;QUÉCIA REIS
SÃO JOÃO DA PONTE;MG;22992;15309;113;0,7381278986217258;2,064716313315972;0,784703635080267;0,380053971588968;-2,125584482773892;4;23;0,1683501683501683;0,2035398230088496;PROFESSOR CRISTIANO
PORTO CALVO;AL;21598;16131;122;0,7563077304568843;1,476257603680555;0,7929329366154743;0,537123693479079;-2,065212158613027;4;32;0,1976040508830431;0,2622950819672131;ERIC JOHNSON
SANTO ANTÔNIO DE PÁDUA;RJ;33702;24689;327;1,324476487504557;2,260936849632325;1,396710485653387;0,6177574070149376;-1,951344394261175;5;126;0,5268880153884754;0,3853211009174312;VICTOR ANTOUN
BUJARU;PA;21846;18256;124;0,6792287467134093;1,730660564750743;0,7011232629958776;0,4051188761540055;-1,79796739631495;5;9;0,04874614093050967;0,07258064516129033;JOHN ROBERT
SÃO JOÃO BATISTA;MA;20103;14635;83;0,5671335838742739;1,506005541274363;0,592156039572212;0,3931964546897596;-1,70548236271417;5;10;0,06817562039814562;0,1204819277108434;NATHIELY KATUCHA
TAMBORIL;CE;21345;16331;150;0,9184985610189211;1,91510434485727;0,9570534120254366;0,4997395648939246;-1,696857765644087;4;31;0,1869158878504673;0,2066666666666667;GABRIEL CARVALHO
PARATINGA;BA;24228;18436;109;0,5912345411152093;1,372921541381885;0,6158712474104796;0,4485844448114547;-1,677933244710218;5;34;0,1880426967534982;0,3119266055045872;QUÉCIA REIS
POCONÉ;MT;25545;18827;140;0,7436128963722314;1,664084668146299;0,7800093580721427;0,4687317736909572;-1,659570835387486;5;36;0,1976827192356268;0,2571428571428571;BERNARDO SABE
ANAPU;PA;25278;18453;138;0,7478458787189075;1,730660564750743;0,7680975598037186;0,4438175662217989;-1,462124820082761;5;27;0,1448653288979504;0,1956521739130435;JOHN ROBERT
MOMBAÇA;CE;32520;24198;242;1,000082651458798;1,91510434485727;1,024277181390148;0,5348414482692254;-1,422926497565574;4;42;0,1750291715285881;0,1735537190082645;GABRIEL CARVALHO
TANGUÁ;RJ;26468;20342;296;1,455117490905516;2,260936849632325;1,529333822885019;0,6764159835484657;-1,409043738194835;5;85;0,4410772663587774;0,2871621621621622;VICTOR ANTOUN
LIMOEIRO DO AJURU;PA;22959;18840;144;0,7643312101910829;1,730660564750743;0,7838424362885553;0,4529151771603738;-1,387398104784692;4;10;0,05252928507643011;0,06944444444444445;JOHN ROBERT
MARACANÃ;PA;27798;22225;172;0,7739032620922385;1,730660564750743;0,7903294925964067;0,4566634894753226;-1,35704218653416;4;20;0,08917027063177137;0,1162790697674419;JULIA DAHAS
LIMOEIRO DE ANADIA;AL;20414;15143;132;0,8716898897180214;1,476257603680555;0,9043436386824277;0,6125920275890528;-1,344068271855323;4;42;0,2733485193621868;0,3181818181818182;ERIC JOHNSON
MONTE SANTO;BA;41809;32838;218;0,6638650344113527;1,372921541381885;0,676587334769772;0,4928084485357898;-1,333706558411011;4;77;0,2367700870206943;0,3532110091743119;QUÉCIA REIS
SÃO PAULO DE OLIVENÇA;AM;21421;17612;100;0,5677946854417443;1,631492739834271;0,5968305832567126;0,3658187184561664;-1,322888196991825;5;9;0,05098861254319868;0,09;ELIABE CAMPOS
ITAREMA;CE;34502;26628;275;1,032747483851585;1,91510434485727;1,05400048174559;0,5503619082563062;-1,307436051926563;4;38;0,1419340380233818;0,1381818181818182;GABRIEL CARVALHO
SENADOR POMPEU;CE;20302;16081;166;1,032274112306448;1,91510434485727;1,066937534132292;0,5571171811068126;-1,258172060130006;4;26;0,1599606250769041;0,1566265060240964;GABRIEL CARVALHO
NOVO CRUZEIRO;MG;24963;14730;146;0,991174473862865;2,064716313315972;1,030293464509846;0,4990000117038723;-1,245023588108175;5;41;0,2771206488678608;0,2808219178082192;CARLOS HENRIQUE DIAS
ARAME;MA;20826;16332;110;0,6735243693362724;1,506005541274363;0,6934611800680585;0,4604638967538328;-1,219779397835499;5;20;0,1210140981424336;0,1818181818181818;ANA ZENAIDE
QUIJINGUE;BA;21197;16841;114;0,6769194228371237;1,372921541381885;0,7008616589253058;0,5104892288454214;-1,204601949060051;4;30;0,1782848992690319;0,2631578947368421;QUÉCIA REIS
MINAS NOVAS;MG;22788;13681;138;1,00869819457642;2,064716313315972;1,050013713576966;0,5085510812333465;-1,183625208310153;4;23;0,1669449081803005;0,1666666666666667;CARLOS HENRIQUE DIAS
BRASÍLIA DE MINAS;MG;27089;18798;193;1,026704968613682;2,064716313315972;1,056579433820229;0,5117310436334683;-1,163435972047155;5;44;0,2483069977426637;0,227979274611399;CARLOS HENRIQUE DIAS
RIO PARDO DE MINAS;MG;22281;16287;168;1,031497513354209;2,064716313315972;1,065666973955965;0,5161323941130121;-1,135696109369142;5;27;0,1689294875805543;0,1607142857142857;CARLOS HENRIQUE DIAS
MIRANDA;MS;20066;14121;156;1,104737624814107;2,136983837914805;1,140667918482237;0,5337747053788021;-1,110161883905395;4;48;0,3468458703663559;0,3076923076923077;MATEUS QUADROS
PASSIRA;PE;26110;20039;188;0,9381705673935824;1,533025163108771;0,9733304739475164;0,6349083481276534;-1,106661753939179;5;58;0,3106255355612682;0,3085106382978723;MIGUEL KAZAN
REDENÇÃO;CE;24248;19075;206;1,079947575360419;1,91510434485727;1,107763629216959;0,5784351292354879;-1,106493690704731;4;32;0,172804838535479;0,1553398058252427;GABRIEL CARVALHO
ITAPERUNA;RJ;76037;56272;892;1,585157804947398;2,260936849632325;1,609062817318385;0,711679681624036;-1,104901719178785;5;372;0,6962641311671782;0,4170403587443946;VICTOR ANTOUN
SÃO JOÃO DA BARRA;RJ;43094;33002;518;1,569601842312587;2,260936849632325;1,610286004851969;0,7122206907786187;-1,100352051927393;5;120;0,3694695033714092;0,2316602316602317;VICTOR ANTOUN
BAIÃO;PA;27595;22118;184;0,8319016185911927;1,730660564750743;0,84740545580789;0,4896427832628964;-1,100139476907424;4;26;0,1159678858162355;0,1413043478260869;NILMA SANCHES
GUAIÚBA;CE;20884;17297;187;1,0811123316182;1,91510434485727;1,111640365555629;0,580459424334123;-1,092379258562979;4;30;0,1732001616534842;0,160427807486631;GABRIEL CARVALHO
JARDIM;CE;22592;16674;181;1,085522370157131;1,91510434485727;1,116980555619866;0,5832478833956763;-1,073016169452008;4;32;0,1928059287823101;0,1767955801104972;GABRIEL CARVALHO
CORRENTE;PI;21194;16049;126;0,7850956445884479;1,503638195037817;0,8043710114617708;0,5349498397395662;-1,070482277010399;5;27;0,1705406771096513;0,2142857142857143;ANGELO CARVALHO
BREJO;MA;25937;20007;143;0,7147498375568551;1,506005541274363;0,7302869463384873;0,4849165068280742;-1,06053203894059;5;22;0,1102701618966468;0,1538461538461539;ANA ZENAIDE
JAÍBA;MG;27130;19531;208;1,064973631662485;2,064716313315972;1,092696795278735;0,5292236944279499;-1,054549306223112;4;58;0,3199470432480142;0,2788461538461539;CARLOS HENRIQUE DIAS
SANTA MARIA DA BOA VISTA;PE;30641;24391;233;0,9552703866180148;1,533025163108771;0,9836254978770815;0,6416238438529084;-1,054228761729971;5;62;0,2552595825270699;0,2660944206008584;MIGUEL KAZAN
