faixa_eleitorado;renan_votos;votos_esperados;razao_real_esperado
até 5k;50398;53038,47225696476;0,9502159065937646
5k–10k;110739;114037,52116941362;0,9710751239101966
10k–20k;197642;200106,35838120192;0,9876847572404105
20k–50k;326542;327223,375318993;0,997917705853597
50k–100k;317189;309260,0948920476;1,0256383065222823
100k–200k;328211;322820,09418087767;1,0166994121998545
200k–500k;462480;462967,4546371172;0,9989471081990001
500k–1M;237038;237750,6715051111;0,9970024416730374
1M+;636899;639933,9576582859;0,9952573892634301
