sg_uf;renan_votos;votos_esperados;votos_acima_esperado;razao_real_esperado
AC;7980;7979,999999999901;9,913492249324918e-11;1,0000000000000124
CE;107587;107586,99999999914;8,585629984736443e-10;1,000000000000008
RO;19187;19186,99999999992;8,003553375601768e-11;1,0000000000000042
PE;85865;85864,9999999998;2,0372681319713593e-10;1,0000000000000024
RN;35261;35260,99999999993;7,275957614183426e-11;1,000000000000002
PA;84165;84164,99999999983;1,7462298274040222e-10;1,000000000000002
MT;33111;33110,99999999994;5,820766091346741e-11;1,0000000000000018
BA;117509;117508,99999999987;1,3096723705530167e-10;1,000000000000001
SP;804310;804309,9999999994;5,820766091346741e-10;1,0000000000000007
SE;21405;21405,0;0,0;1,0
MA;60384;60384,00000000004;-3,637978807091713e-11;0,9999999999999994
PR;177434;177434,00000000026;-2,6193447411060333e-10;0,9999999999999986
AM;35410;35410,00000000007;-7,275957614183426e-11;0,9999999999999979
TO;12983;12983,000000000031;-3,092281986027956e-11;0,9999999999999977
GO;54105;54105,000000000204;-2,0372681319713593e-10;0,9999999999999962
SC;132795;132795,00000000052;-5,238689482212067e-10;0,999999999999996
RJ;211843;211843,000000001;-9,89530235528946e-10;0,9999999999999953
MS;31847;31847,000000000153;-1,5279510989785194e-10;0,9999999999999952
PB;42247;42247,00000000021;-2,1100277081131935e-10;0,999999999999995
RR;6623;6623,000000000037;-3,728928277269006e-11;0,9999999999999943
AL;26851;26851,00000000018;-1,7826096154749393e-10;0,9999999999999933
DF;46714;46714,00000000033;-3,2741809263825417e-10;0,999999999999993
ES;53236;53236,00000000041;-4,0745362639427185e-10;0,9999999999999923
MG;247112;247112,00000000204;-2,0372681319713593e-09;0,9999999999999918
RS;167558;167558,00000000148;-1,4842953532934189e-09;0,9999999999999911
PI;32274;32274,000000000302;-3,019522409886122e-10;0,9999999999999907
AP;11342;11342,000000000122;-1,2187229003757238e-10;0,9999999999999892
