nm_municipio;validos_pres;renan_votos;renan_pct;renan_pos;lider_pres
LISBOA;27936;838;2,99971363115693;4,0;LULA
PORTO;19728;652;3,304947283049473;4,0;LULA
NAGÓIA;15406;521;3,381799298974426;4,0;FLAVIO BOLSONARO
TÓQUIO;12400;397;3,201612903225806;4,0;FLAVIO BOLSONARO
LONDRES;14472;357;2,466832504145937;3,0;LULA
DUBLIN;8299;312;3,759489095071696;3,0;LULA
HAMAMATSU;6475;279;4,308880308880309;4,0;FLAVIO BOLSONARO
MIAMI;12017;266;2,213530831322293;3,0;FLAVIO BOLSONARO
TORONTO;8697;248;2,851558008508681;3,0;LULA
BOSTON;16092;230;1,429281630623912;4,0;FLAVIO BOLSONARO
ORLANDO;8868;228;2,571041948579161;3,0;FLAVIO BOLSONARO
SYDNEY;5536;221;3,992052023121388;4,0;LULA
VANCOUVER;5711;192;3,361933111539135;3,0;LULA
MONTREAL;5889;190;3,226354219731703;4,0;LULA
MILÃO;7163;171;2,387267904509284;4,0;LULA
MADRI;6554;168;2,563320109856576;4,0;LULA
PARIS;10341;167;1,614930857750701;4,0;LULA
AMSTERDÃ;6274;164;2,613962384443736;3,0;LULA
BERLIM;8019;164;2,045142785883526;4,0;LULA
NOVA YORK;9891;150;1,516530178950561;5,0;FLAVIO BOLSONARO
MUNIQUE;5288;149;2,817700453857791;4,0;LULA
BUENOS AIRES;5309;130;2,448672066302505;3,0;LULA
ZURIQUE;5790;130;2,245250431778929;4,0;LULA
LOS ANGELES;4492;122;2,715939447907391;3,0;LULA
GENEBRA;5063;122;2,409638554216868;4,0;LULA
BRUXELAS;4975;121;2,4321608040201;4,0;LULA
WASHINGTON;4706;113;2,401189970250744;3,0;LULA
FRANKFURT;5495;109;1,983621474067334;4,0;LULA
HOUSTON;4321;109;2,522564221245082;4,0;FLAVIO BOLSONARO
BARCELONA;5043;105;2,082093991671624;4,0;LULA
ATLANTA;4903;101;2,05996328778299;4,0;FLAVIO BOLSONARO
CAMBERRA;2593;95;3,663709988430389;4,0;LULA
ROMA;4432;94;2,120938628158845;4,0;LULA
FARO;2670;90;3,370786516853932;4,0;FLAVIO BOLSONARO
CHICAGO;2694;72;2,67260579064588;4,0;LULA
ESTOCOLMO;2540;70;2,755905511811024;4,0;LULA
SANTIAGO;1971;67;3,399289700659564;4,0;LULA
ABU DHABI;1355;64;4,723247232472325;3,0;FLAVIO BOLSONARO
SÃO FRANCISCO;3782;52;1,374933897408778;5,0;LULA
OTTAWA;1361;48;3,526818515797208;4,0;LULA
VIENA;1471;37;2,515295717199184;5,0;LULA
HARTFORD;1895;30;1,58311345646438;4,0;FLAVIO BOLSONARO
COPENHAGUE;1476;28;1,897018970189702;4,0;LULA
SANTA CRUZ DE LA SIERRA;1428;28;1,96078431372549;3,0;FLAVIO BOLSONARO
TEL AVIV;704;27;3,835227272727273;3,0;FLAVIO BOLSONARO
LIMA;730;27;3,698630136986301;4,0;FLAVIO BOLSONARO
PRAGA;397;25;6,297229219143577;3,0;LULA
CIUDAD DEL ESTE;2503;24;0,9588493807431082;3,0;FLAVIO BOLSONARO
MONTEVIDÉU;1263;24;1,900237529691212;4,0;LULA
ASSUNÇÃO;1061;23;2,167766258246937;3,0;FLAVIO BOLSONARO
SINGAPURA;348;22;6,321839080459771;3,0;LULA
HELSINQUE;693;22;3,174603174603174;3,0;LULA
MEXICO;1285;22;1,712062256809339;5,0;FLAVIO BOLSONARO
EDIMBURGO;677;21;3,10192023633678;3,0;LULA
MARSELHA;868;19;2,188940092165899;3,0;LULA
OSLO;884;18;2,036199095022624;4,0;LULA
CAIENA;1084;16;1,476014760147601;4,0;FLAVIO BOLSONARO
DOHA;357;15;4,201680672268908;3,0;FLAVIO BOLSONARO
PARAMARIBO;540;15;2,777777777777778;4,0;FLAVIO BOLSONARO
TAIPÉ;218;14;6,422018348623854;3,0;FLAVIO BOLSONARO
PANAMA;658;14;2,127659574468085;6,0;FLAVIO BOLSONARO
WELLINGTON;332;13;3,91566265060241;3,0;LULA
BEIRUTE;3883;13;0,3347926860674736;8,0;LULA
VARSÓVIA;282;12;4,25531914893617;3,0;LULA
HONG KONG;244;12;4,918032786885246;3,0;FLAVIO BOLSONARO
BUDAPESTE;464;12;2,586206896551724;4,0;LULA
XANGAI;181;9;4,972375690607735;3,0;LULA
SÃO JOSÉ;370;9;2,432432432432432;4,0;LULA
TALIN;190;8;4,210526315789473;4,0;LULA
KUALA LUMPUR;82;7;8,536585365853659;3,0;LULA
SEUL;216;6;2,777777777777778;3,0;LULA
ATENAS;494;6;1,214574898785425;7,0;FLAVIO BOLSONARO
CANTÃO;92;6;6,521739130434782;3,0;LULA
GUATEMALA;118;6;5,084745762711865;4,0;FLAVIO BOLSONARO
RAMALLAH;1157;6;0,5185825410544511;5,0;LULA
RIADE;83;6;7,228915662650602;3,0;LULA
QUITO;328;6;1,829268292682927;4,0;FLAVIO BOLSONARO
LUANDA;264;6;2,272727272727273;3,0;LULA
LA PAZ;224;6;2,678571428571428;4,0;FLAVIO BOLSONARO
BOGOTÁ;527;5;0,9487666034155597;5,0;FLAVIO BOLSONARO
PRETÓRIA;259;5;1,93050193050193;5,0;FLAVIO BOLSONARO
SALTO DEL GUAIRÁ;525;5;0,9523809523809524;3,0;FLAVIO BOLSONARO
MENDOZA;112;4;3,571428571428571;3,0;FLAVIO BOLSONARO
SÃO DOMINGOS;188;4;2,127659574468085;3,0;FLAVIO BOLSONARO
PEDRO JUAN CABALLERO;295;4;1,35593220338983;3,0;FLAVIO BOLSONARO
ARTIGAS;367;4;1,08991825613079;5,0;FLAVIO BOLSONARO
CÓRDOBA;367;4;1,08991825613079;5,0;LULA
COCHABAMBA;185;3;1,621621621621622;3,0;FLAVIO BOLSONARO
BANGKOK;99;3;3,03030303030303;3,0;FLAVIO BOLSONARO
BRATISLAVA;58;3;5,172413793103448;4,0;LULA
MUMBAI;11;3;27,27272727272727;2,0;LULA
SÃO SALVADOR;77;3;3,896103896103896;3,0;FLAVIO BOLSONARO
NICOSIA;57;2;3,508771929824561;5,0;LULA
ENCARNACIÓN;141;2;1,418439716312057;3,0;FLAVIO BOLSONARO
PRAIA;70;2;2,857142857142857;4,0;LULA
LIUBLIANA;98;2;2,040816326530612;4,0;LULA
RIO BRANCO;21;2;9,523809523809524;4,0;FLAVIO BOLSONARO
MANILA;62;2;3,225806451612903;3,0;FLAVIO BOLSONARO
CARACAS;262;2;0,7633587786259541;4,0;LULA
AMÃ;783;2;0,2554278416347382;10,0;LULA
BELGRADO;48;2;4,166666666666666;3,0;LULA
PEQUIM;134;1;0,7462686567164178;5,0;LULA
NAIRÓBI;46;1;2,173913043478261;3,0;LULA
MAPUTO;214;1;0,4672897196261682;5,0;FLAVIO BOLSONARO
JACARTA;31;1;3,225806451612903;4,0;FLAVIO BOLSONARO
BAREIN;47;1;2,127659574468085;4,0;FLAVIO BOLSONARO
BISSAU;37;1;2,702702702702703;4,0;LULA
BUCARESTE;62;1;1,612903225806452;4,0;LULA
ANCARA;37;1;2,702702702702703;5,0;LULA
CONCEPCIÓN;35;1;2,857142857142857;3,0;FLAVIO BOLSONARO
CIDADE DO CABO;160;1;0,625;6,0;LULA
HANÓI;29;1;3,448275862068965;3,0;FLAVIO BOLSONARO
GEORGETOWN;53;1;1,886792452830189;3,0;FLAVIO BOLSONARO
ABIDJÃ;44;1;2,272727272727273;4,0;LULA
TEGUCIGALPA;59;1;1,694915254237288;5,0;FLAVIO BOLSONARO
CHUY;0;0;;;
CIUDAD GUAYANA;0;0;;;
KATMANDU;13;0;0,0;4,0;FLAVIO BOLSONARO
ARGEL;31;0;0,0;4,0;LULA
ACCRA;13;0;0,0;5,0;LULA
BRIDGETOWN;0;0;;;
CAIRO;64;0;0,0;6,0;LULA
ISLAMABADE;0;0;;;
IQUITOS;0;0;;;
IAUNDÊ;0;0;;;
HARARE;0;0;;;
HAVANA;38;0;0,0;4,0;LULA
DACCA;0;0;;;
DAMASCO;108;0;0,0;6,0;LULA
DÍLI;46;0;0,0;5,0;FLAVIO BOLSONARO
DACAR;79;0;0,0;6,0;LULA
MANÁGUA;69;0;0,0;4,0;FLAVIO BOLSONARO
LAGOS;32;0;0,0;3,0;LULA
LOMÉ;0;0;;;
KUAITE;73;0;0,0;5,0;LULA
KINSHASA;0;0;;;
NOVA DELHI;50;0;0,0;3,0;FLAVIO BOLSONARO
KIEV;23;0;0,0;3,0;FLAVIO BOLSONARO
TEERÃ;25;0;0,0;3,0;LULA
SÓFIA;47;0;0,0;5,0;LULA
PASO LOS LIBRES;5;0;0,0;3,0;FLAVIO BOLSONARO
RABAT;42;0;0,0;6,0;LULA
PORTO PRÍNCIPE;5;0;0,0;2,0;LULA
PORT OF SPAIN;19;0;0,0;6,0;FLAVIO BOLSONARO
MOSCOU;81;0;0,0;6,0;LULA
LIBREVILLE;0;0;;;
IEREVAN;0;0;;;
COLOMBO;0;0;;;
TRÍPOLI;2;0;0,0;2,0;LULA
TUNIS;22;0;0,0;4,0;LULA
GABORONE;0;0;;;
WINDHOEK;13;0;0,0;5,0;LULA
BELMOPAN;0;0;;;
SARAJEVO;0;0;;;
BRAZZAVILLE;0;0;;;
BAKU;0;0;;;
ZAGREB;48;0;0,0;5,0;LULA
MASCATE;36;0;0,0;4,0;FLAVIO BOLSONARO
CONACRI;0;0;;;
COTONOU;0;0;;;
DAR ES SALAAM;16;0;0,0;3,0;LULA
SÃO TOMÉ;0;0;;;
TIRANA;0;0;;;
SAINT JOHNS;0;0;;;
PUERTO IGUAZÚ;22;0;0,0;3,0;FLAVIO BOLSONARO
ASTANA;0;0;;;
UAGADUGU;0;0;;;
MALABO;0;0;;;
ISTAMBUL;127;0;0,0;8,0;LULA
TBILISI;0;0;;;
PUERTO QUIJARRO;0;0;;;
COBIJA;0;0;;;
ABUJA;0;0;;;
NASSAU;19;0;0,0;6,0;FLAVIO BOLSONARO
BAGDÁ;0;0;;;
RIVERA;0;0;;;
LUSACA;0;0;;;
SANTA ELENA DE UAIRÉN;0;0;;;
LILONGUE;0;0;;;
ST GEORGES DE LOYAPOCK;0;0;;;
ADIS ABEBA;0;0;;;
PYONGYANG;0;0;;;
KINGSTON-JAMAICA;19;0;0,0;4,0;FLAVIO BOLSONARO
CASTRIES;0;0;;;
YANGON;0;0;;;
BAMAKO;0;0;;;
