tema;fato
Maior %;Maior % entre municípios com ≥ 5.000 eleitores: LAGOA DOURADA (MG) com 4,49% — 2,0× a média nacional (2,24%).
Maior votação;Maior votação absoluta: SÃO PAULO (SP) com 249.725 votos (3,81%), 9,3% de todos os votos de Renan Santos.
Distorção;Maior distorção positiva frente à própria UF: LAGOA DOURADA (MG) — 4,49% contra 2,06% na UF (z robusto = 3,5).
Distorção;Maior distorção negativa (≥ 20 mil eleitores): SÃO FRANCISCO DE ITABAPOANA (RJ) — 1,18% contra 2,26% na UF.
UF;"Melhor UF: SP (3,23%); pior UF: BA (1,37%). Amplitude de 2,4×."
Capitais;"Melhor capital: CURITIBA (3,97%); pior: GOIÂNIA (1,74%). Em 26 de 27 capitais o desempenho foi superior ao da própria UF."
Deputados > presidente;"Em 90 município(s) a chapa de Dep. Federal teve mais votos que Renan Santos; em 13 a de Dep. Estadual/Distrital."
Deputados > presidente;Caso mais extremo: VALE DO SOL (RS) — Dep. Federal 1.188 votos vs. 164 do presidente (7,2×), puxado por EVANDRO AUGUSTO.
Puxador local;EVANDRO AUGUSTO (Deputado Federal, RS) superou sozinho Renan Santos em 43 município(s).
Guarda-chuva;Cada voto em Renan Santos rendeu 0,46 voto(s) para a chapa de Dep. Federal (4º entre os 5 mais votados nessa razão). A correlação município a município entre o presidenciável e a chapa foi 0,74 — a mais alta entre os principais candidatos.
Quociente;"Dep. Federal em SP: 1,94 quocientes eleitorais e 1 eleito(s); faltaram 20.015 votos para o quociente seguinte."
Quociente;"Dep. Federal: mais perto de eleger sem conseguir foi RJ, com 39,51% do QE; faltaram 114.986 votos. Seria preciso reter 89,73% dos votos de Renan Santos na UF (a chapa reteve 35,45%)."
Quociente;"Dep. Estadual/Distrital em SP: 1,73 quocientes eleitorais e 1 eleito(s); faltaram 66.362 votos para o quociente seguinte."
Quociente;"Dep. Estadual/Distrital: mais perto de eleger sem conseguir foi PR, com 82,63% do QE; faltaram 19.880 votos. Seria preciso reter 64,50% dos votos de Renan Santos na UF (a chapa reteve 53,30%)."
Pódio;Renan Santos ficou em 3º lugar em 315 municípios, entre eles SÃO PAULO (SP), CURITIBA (PR), PORTO ALEGRE (RS), JOINVILLE (SC), SANTOS (SP).
Concentração;"Metade dos votos de Renan Santos veio de 99 municípios; metade dos votos válidos do país vem de 222."
Porte;O % cresce com o tamanho da cidade: 1,34% nos municípios até 5k eleitores e 2,92% nos de 1M+.
Voto próprio;RAFAEL MACRIS (Deputado Estadual, SP) teve 23.369 votos com correlação de -0,00 com o mapa de Renan Santos: voto de base própria, não arrastado.
Acerto;Maior ganho sobre o esperado pelo perfil: RIO DE JANEIRO (RJ) com 1.718 votos acima do previsto (2,55% vs. 2,50%).
Erro;Maior perda frente ao esperado: SÃO PAULO (SP) com 5.999 votos abaixo do previsto (3,81% vs. 3,90%).
Exterior;No exterior: 8.580 votos (2,59%), 1,2× o % nacional. Melhor cidade: LISBOA (838 votos).
