nm_municipio;sg_uf;aptos;validos_pres;renan_votos;renan_pct100;pct_uf100;pct_suav100;idr_suav;z_robusto;renan_pos;df_total;df_pct100;razao_df;top_df_nome;gap_pres_df_pp
VALE DO SOL;RS;8086;6280;164;2,611464968152867;2,608699984399925;2,611229993862401;1,000969835350023;1,064296128131136;4;1188;19,67538920172242;7,24390243902439;EVANDRO AUGUSTO;-17,06392423356956
CANDELÁRIA;RS;22407;16987;486;2,861011361629481;2,608699984399925;2,852635747988801;1,093508554087329;1,380555588396403;3;3085;19,15911066948205;6,347736625514403;EVANDRO AUGUSTO;-16,29809930785257
CAMPOS BORGES;RS;3183;2433;49;2,013974517057131;2,608699984399925;2,128976796222223;0,8161064165881645;0,3367581991799159;5;331;14,18166238217652;6,755102040816326;EVANDRO AUGUSTO;-12,16768786511939
LAGOÃO;RS;4895;3806;106;2,78507619548082;2,608699984399925;2,761638920010838;1,058626494623947;1,264510625878026;4;556;14,73237943826179;5,245283018867925;EVANDRO AUGUSTO;-11,94730324278097
BOQUEIRÃO DO LEÃO;RS;5325;4286;122;2,846476901539897;2,608699984399925;2,817995254958913;1,080229720477854;1,336809363445764;4;580;13,77672209026128;4,754098360655738;EVANDRO AUGUSTO;-10,93024518872138
CERRO BRANCO;RS;3490;2709;61;2,251753414544112;2,608699984399925;2,314989896808942;0,8874113200646394;0,6347956263242226;5;341;13,15586419753086;5,590163934426229;EVANDRO AUGUSTO;-10,90411078298675
SOBRADINHO;RS;10579;8229;212;2,576254708956131;2,608699984399925;2,578402155175322;0,9883858514180304;1,019108412408775;5;1021;12,98816944409108;4,816037735849057;EVANDRO AUGUSTO;-10,41191473513495
GRAMADO XAVIER;RS;3049;2377;50;2,103491796381994;2,608699984399925;2,203032160637239;0,8444942591372765;0,4583515657093035;5;279;12,05183585313175;5,58;EVANDRO AUGUSTO;-9,948344056749754
BARROS CASSAL;RS;8271;6079;100;1,645007402533311;2,608699984399925;1,729374899470217;0,6629259438846595;-0,4006484255132369;5;677;11,39922545883145;6,77;EVANDRO AUGUSTO;-9,754218056298143
LAGOA BONITA DO SUL;RS;2310;1787;45;2,518186905428092;2,608699984399925;2,540459677160147;0,9738412589995568;0,96617726317961;5;210;12,18804410911202;4,666666666666667;EVANDRO AUGUSTO;-9,669857203683923
BAEPENDI;MG;15621;11735;248;2,113336173838943;2,064716313315972;2,111132832620823;1,022480821701993;1,089162101590482;5;1298;11,46643109540636;5,233870967741935;VALDEMAR ABRAO;-9,353094921567417
SANTA CRUZ DO SUL;RS;105305;81458;2704;3,319502074688797;2,608699984399925;3,314448784360362;1,270536590708333;1,919158336829272;3;9463;12,30367172872894;3,499630177514793;EVANDRO AUGUSTO;-8,984169654040139
ALTO ALEGRE;RS;1850;1503;38;2,528276779773786;2,608699984399925;2,550760698351298;0,9777899772319146;0,9806232979656785;4;165;11,34020618556701;4,342105263157895;EVANDRO AUGUSTO;-8,811929405793226
IBARAMA;RS;3655;2813;85;3,021685033771774;2,608699984399925;2,950761234563662;1,131123261474784;1,501732311347582;4;315;11,49215614739146;3,705882352941177;EVANDRO AUGUSTO;-8,47047111361969
MERIDIANO;SP;3765;2839;98;3,451919690031701;3,232374234757071;3,41008113679579;1,054977205339614;1,900955200600658;3;317;11,65012862918045;3,23469387755102;KIM KATAGUIRI;-8,198208939148747
HERVEIRAS;RS;2629;2015;50;2,481389578163772;2,608699984399925;2,509968123405074;0,9621528494708976;0,9230794393139141;4;211;10,55527763881941;4,22;EVANDRO AUGUSTO;-8,073888060655637
VERA CRUZ;RS;19445;16015;385;2,403996253512332;2,608699984399925;2,411189437896646;0,9242877495747324;0,7798725867502301;5;1551;10,2552234858503;4,028571428571428;EVANDRO AUGUSTO;-7,851227232337971
SINIMBU;RS;6825;5519;165;2,989672042036601;2,608699984399925;2,953258688597999;1,132080617264746;1,504765184664669;4;568;10,52631578947368;3,442424242424242;EVANDRO AUGUSTO;-7,536643747437083
NOVO CABRAIS;RS;3764;2967;66;2,224469160768453;2,608699984399925;2,287592592562551;0,8769090375445233;0,5924007336370112;4;269;9,495234733498059;4,075757575757576;EVANDRO AUGUSTO;-7,270765572729606
PASSO DO SOBRADO;RS;5251;4339;93;2,143351002535146;2,608699984399925;2,19849174105644;0,8427537678550472;0,4510123660334249;3;390;9,372746935832732;4,193548387096774;EVANDRO AUGUSTO;-7,229395933297585
SEGREDO;RS;5695;4462;85;1,904975347377857;2,608699984399925;1,986329092718151;0,7614248877204876;0,09040755401756381;5;340;8,110687022900763;4,0;EVANDRO AUGUSTO;-6,205711675522905
PASSA SETE;RS;3747;2921;67;2,293735022252653;2,608699984399925;2,346158338618794;0,8993592029167269;0,6824344429588154;4;230;8,118602188492764;3,432835820895523;EVANDRO AUGUSTO;-5,824867166240111
ARROIO DO TIGRE;RS;9941;7992;155;1,939439439439439;2,608699984399925;1,984959839157167;0,760900008060438;0,08795987861975377;5;518;6,86001854059065;3,341935483870968;EVANDRO AUGUSTO;-4,92057910115121
PROGRESSO;RS;4932;4039;90;2,228274325328051;2,608699984399925;2,276277927160044;0,872571756343094;0,5747474494054532;4;263;6,639737440040394;2,922222222222222;EVANDRO AUGUSTO;-4,411463114712342
ESTRELA VELHA;RS;2953;2309;28;1,212646167171936;2,608699984399925;1,494175435198363;0,5727662989740332;-0,917552389805927;5;122;5,47085201793722;4,357142857142857;EVANDRO AUGUSTO;-4,258205850765283
GUAPÓ;GO;14861;10914;129;1,181968114348543;1,413466610133227;1,199145664591409;0,8483721200024547;0,7117562442421682;4;537;5,116234756097561;4,162790697674419;MAYKEL CARVALHO;-3,934266641749018
FORTALEZA DOS VALOS;RS;3686;3074;46;1,496421600520494;2,608699984399925;1,673806317634067;0,6416246895555103;-0,5162401632778084;5;156;5,126519881695695;3,391304347826087;EVANDRO AUGUSTO;-3,630098281175201
ESPUMOSO;RS;12400;9864;154;1,561232765612328;2,608699984399925;1,619711252263412;0,6208882822667672;-0,632448826254203;4;469;4,93009565857248;3,045454545454545;EVANDRO AUGUSTO;-3,368862892960152
JACUIZINHO;RS;2056;1663;22;1,32291040288635;2,608699984399925;1,656773834624059;0,6350955819111426;-0,5524266197731784;5;72;4,485981308411215;3,272727272727273;EVANDRO AUGUSTO;-3,163070905524864
BOA VISTA DO INCRA;RS;2195;1812;32;1,766004415011037;2,608699984399925;1,971204224175954;0,7556270310744019;0,06327816333581052;4;84;4,692737430167598;2,625;EVANDRO AUGUSTO;-2,92673301515656
LAGOA DOS TRÊS CANTOS;RS;1717;1456;33;2,266483516483516;2,608699984399925;2,36436203622676;0,9063372754113886;0,709972613510262;5;73;5,094207955338451;2,212121212121212;EVANDRO AUGUSTO;-2,827724438854935
SÃO LUÍS DO PARAITINGA;SP;10204;7622;186;2,440304382051955;3,232374234757071;2,504163901731507;0,774713482988676;0,6427480693015513;5;341;4,604996623902768;1,833333333333333;PAULO COELHO;-2,164692241850814
IBIPITANGA;BA;13075;9789;95;0,9704770660945959;1,372921541381885;0,9937182568401524;0,7237982848167319;0,076123710751008;4;300;3,101095720487906;3,157894736842105;ROQUES PEREIRA;-2,13061865439331
CAPIVARI;SP;37609;28584;723;2,529387069689336;3,232374234757071;2,545449957180835;0,787486154854881;0,709100453453014;4;1251;4,636767976278725;1,730290456431535;GABRIEL PIAUHY LIMA DA SILVA;-2,107380906589389
SALTO DO JACUÍ;RS;7867;6064;106;1,748021108179419;2,608699984399925;1,82354019064379;0,6990225788893301;-0,2128545403550441;5;212;3,703056768558952;2,0;EVANDRO AUGUSTO;-1,955035660379533
SÉRIO;RS;2072;1632;26;1,593137254901961;2,608699984399925;1,860524716576921;0,7131999569528478;-0,1416885252660745;5;54;3,430749682337993;2,076923076923077;EVANDRO AUGUSTO;-1,837612427436032
VALE VERDE;RS;3292;2415;45;1,863354037267081;2,608699984399925;2,008347123635017;0,7698651188887073;0,1295415713041558;5;85;3,603221704111912;1,888888888888889;EVANDRO AUGUSTO;-1,739867666844831
ITIQUIRA;MT;9345;6739;109;1,617450660335361;1,664084668146299;1,622261019332418;0,9748668744959532;0,9705597927109583;5;214;3,341661461586508;1,963302752293578;RADMAN GADIEL;-1,724210801251147
SÃO JOÃO DO POLÊSINE;RS;2578;2012;44;2,186878727634195;2,608699984399925;2,281678307041445;0,87464189852644;0,5831838551654397;4;69;3,547557840616967;1,568181818181818;EVANDRO AUGUSTO;-1,360679112982772
AGUDO;RS;12534;10183;290;2,847883727781597;2,608699984399925;2,834926118636882;1,086719874109631;1,35825557124071;4;405;4,196891191709844;1,396551724137931;EVANDRO AUGUSTO;-1,349007463928248
