nr;candidato;partido;federacao;votos_presidente;df_votos_partido;df_legenda;de_votos_partido;razao_df;razao_df_federacao;razao_de;legenda_por_voto_pres;legenda_share_partido;ufs_com_chapa_df;corr_mun_pres_df;elasticidade_df;destaque
22;FLAVIO BOLSONARO;PL;;56101586;25824588;623223;22762595;0,4603183232645152;;0,40573888588461654;0,011108830327898394;0,024132930988095533;27;0,5320015771215529;1,493165522024505;False
13;LULA;PT;FE BRASIL;53872520;14788001;1009897;15560183;0,2744998934521719;0,3233535019338245;0,2888333978065255;0,018746050862294913;0,06829165077822215;27;0,1824115123281823;0,1556825918617359;False
70;ESCRITOR AUGUSTO CURY;AVANTE;;3448371;1807925;31032;2223732;0,5242837850103715;;0,6448644881887708;0,008999031716714935;0,017164428834160708;22;0,02045390779602975;0,7813113443362789;False
14;RENAN SANTOS;MISSÃO;;2675777;1223569;72586;805919;0,457276148199196;;0,3011906448108344;0,027127073743439756;0,05932317670683059;26;0,7443658539490552;1,863701715386348;True
55;RONALDO CAIADO;PSD;;2605038;9391182;173404;11482863;3,6050076812699086;;4,407944529024145;0,06656486392904826;0,0184645553669389;22;-0,03969684407437472;-0,08824031824711404;False
30;ZEMA;NOVO;;326455;2914364;59468;2228986;8,927306979522445;;6,827850699177528;0,18216293210396534;0,020405138136485354;27;0,1468072248571714;0,8736528459615113;False
80;SAMARA;UP;;122908;45431;6119;47325;0,3696341979366681;;0,3850440980245387;0,04978520519412894;0,13468776826396073;19;0,51146100684967;0,7748840254424485;False
16;HERTZ DIAS;PSTU;;43100;18695;6117;22465;0,4337587006960557;;0,5212296983758701;0,14192575406032482;0,32719978603904787;7;0,5194937791286849;0,47544127187625107;False
27;CLARIANA BARAO;DC;;40040;114402;4372;228826;2,857192807192807;;5,714935064935065;0,10919080919080919;0,038216115102882815;24;0,1647631183725751;1,118630693938444;False
21;EDMILSON COSTA;;;22688;0;0;6241;0,0;;0,2750793370944993;0,0;;0;;;False
35;VETERINÁRIO WILSON GRASSI;DEMOCRATA;;16879;27195;3621;309354;1,611173647727946;;18,327744534628827;0,21452692695064873;0,13314947600661886;10;0,23062583416168778;0,21557632982259792;False
29;RUI COSTA PIMENTA;PCO;;15024;3041;1278;1683;0,2024094781682641;;0,11202076677316294;0,08506389776357827;0,42025649457415326;8;0,1368196771924385;0,4803848881364203;False
