sg_uf;municipios;df_maior_que_pres;de_maior_que_pres;algum_candidato_maior;pct_mun_df_maior
RS;497;45;1;44;9,054325955734406
SP;645;32;3;9;4,961240310077519
GO;246;4;0;2;1,626016260162602
BA;417;3;0;3;0,7194244604316546
CE;184;1;0;1;0,5434782608695652
MG;853;1;4;4;0,1172332942555686
SC;295;1;0;1;0,3389830508474576
PB;223;1;0;0;0,4484304932735426
MT;142;1;0;1;0,704225352112676
AL;102;1;0;0;0,9803921568627451
AM;62;0;0;0;0,0
MA;217;0;0;0;0,0
ES;78;0;0;0;0,0
AP;16;0;0;0;0,0
DF;1;0;0;0;0,0
AC;22;0;0;0;0,0
PE;185;0;1;1;0,0
MS;79;0;0;0;0,0
PA;144;0;0;0;0,0
RJ;92;0;0;0;0,0
PR;399;0;4;2;0,0
PI;224;0;0;0;0,0
RN;167;0;0;0;0,0
RR;15;0;0;0;0,0
RO;52;0;0;0;0,0
SE;75;0;0;0;0,0
TO;139;0;0;0;0,0
