variavel;coef_logit_por_1dp;erro_padrao;p_valor;efeito_relativo_pct
ant_15_pct;0,08395231264211386;0,004488448163717418;4,585420172847638e-78;8,757702889718
pct_fem;0,06250379154069423;0,004468409527263358;1,847149332403588e-44;6,449849499957061
ant_12_pct;0,057042255085672636;0,0026635465586221777;9,49848474125969e-102;5,870054493259036
ant_30_pct;0,05317022649716201;0,003196096792327699;3,82398767234427e-62;5,460915226235086
log_aptos;0,03052043108421675;0,003014721494663289;4,33269852194667e-24;3,0990954096609347
ant_22_pct;0,0118185373551645;0,004540960552636737;0,009250595967303194;1,1888652213875694
abstencao_pct;0,006627136900879877;0,003407412959691114;0,0517849153094147;0,6649144962582954
ant_44_pct;0,005973000688086086;0,004368319360635184;0,17151711752389032;0,5990874625990017
pct_superior;-0,045923192642022;0,0028803680184007;3,160609018343104e-57;-4,488468074226615
pct_25_34;-0,04690762617174957;0,007230121387976276;8,709522422353319e-11;-4,582446563352494
pct_16_24;-0,048210313304812506;0,00767396103863026;3,3354775169180573e-10;-4,706664856130438
capital;-0,0974535978477804;0,008290457803942062;6,663051952978133e-32;-9,285556596668343
pct_fund_inc;-0,11033134627974675;0,004946233662871333;3,221738582579945e-110;-10,446264683992867
pct_60m;-0,1254722440237878;0,008326215584316241;2,568929897813968e-51;-11,79197529143834
const;-4,319258521220592;0,03501146717917803;0,0;
