faixa_eleitorado;municipios;eleitorado;renan_votos;validos_pres;df_total;validos_df;mediana_mun_pct;renan_pct;df_pct;participacao_no_total;razao_df_renan
até 5k;1433;4917191;50457;3753649;18999;3678642;1,273499090357793;1,344211992117537;0,5164677617446873;1,89176127597624;0,3765384386705511
5k–10k;1507;10824070;110739;8181349;37229;7989098;1,261757283780684;1,353554285485193;0,4659975381451072;4,15188679351394;0,3361868898942559
10k–20k;1272;18146026;197642;13665219;66621;13269624;1,326933564085029;1,446314179084872;0,5020564260147838;7,410101316100761;0,3370791633357282
20k–50k;863;25926379;326542;19505559;119941;18794578;1,491835226127276;1,67409711252059;0,6381680929468062;12,24289019521243;0,3673065026857188
50k–100k;275;19024030;317189;14393217;133128;13718143;2,113628677713899;2,203739441988542;0,9704520502519911;11,89222243426339;0,4197119067811305
100k–200k;119;16851969;328211;12767615;156310;12079163;2,455058391287233;2,570652388876074;1,294046615647127;12,30546525059829;0,4762485108664853
200k–500k;73;21882001;462480;16593927;205373;15656354;2,85106255032122;2,78704371786136;1,311754959040911;17,33955159667621;0,4440689327106037
500k–1M;17;10928026;237038;8280390;130111;7825444;2,570007391668151;2,862642943146398;1,662666041696804;8,887157566538955;0,5489035513293227
1M+;12;29329276;636899;21818579;355857;20665699;2,576719465295521;2,919067277479436;1,721969336725557;23,87896357111979;0,558733802376829
