sg_uf;regiao;eleitorado;validos_pres;renan_votos;df_total;df_legenda;validos_df;de_total;validos_de;gov_votos;sen_votos;municipios;mun_renan_1o_3o;renan_pct;idr;participacao_no_total;df_pct;de_pct;razao_df_renan;razao_de_renan;legenda_por_renan;corr_renan_df_mun
SP;Sudeste;34122892;24882948;804310;656391;16133;23674188;429170;23290014;0;392916;645;51;3,232374234757071;1,441043742287289;30,05893241477148;2,772601957879189;1,842721090678606;0,8160920540587584;0,5335877957503947;0,02005818652012284;0,8513970497990618
SC;Sul;5734651;4500897;132795;49229;3184;4231498;34926;4271084;46624;59365;295;65;2,950411884564343;1,315340450899563;4,962857517648144;1,163394145524824;0,8177315173384556;0,3707142588199857;0,2630068903196657;0,02397680635566098;0,8883404403556736
PR;Sul;8613657;6585243;177434;75584;4940;6217229;94569;6180261;44581;93198;399;36;2,694418414020561;1,201214498271046;6,631120605341925;1,215718449489314;1,530178094420284;0,4259837460689608;0,5329812775454535;0,02784133818772051;0,8378741063793764
DF;Centro-Oeste;2258320;1772808;46714;20186;1589;1659057;14102;1698609;0;0;1;0;2,635028722794572;1,17473763121236;1,745810656119699;1,216715278619119;0,830208717839126;0,4321188508798219;0,3018795221989125;0,03401549856574047;
RS;Sul;8522545;6423046;167558;76310;4856;6081271;36603;6106995;0;0;497;30;2,608699984399925;1,162999861712172;6,262031551956684;1,254836365621595;0,5993618792876039;0,4554243903603528;0,2184497308394705;0,02898100956086848;0,1485459466499056
ZZ;Exterior;916534;330882;8580;0;0;0;0;0;0;0;186;55;2,593069432607395;1,156031513614689;0,320654523900908;;;0,0;0,0;0,0;
AP;Norte;576988;464858;11342;1026;209;459680;0;450731;0;0;16;0;2,439884868067238;1,087739403198771;0,4238768776321793;0,2231987469544031;0,0;0,09046023628989597;0,0;0,01842708517016399;0,7148886957281071
ES;Sudeste;2991650;2251078;53236;15137;1380;2134985;11153;2142789;17988;0;78;0;2,364911389121123;1,05431503620838;1,989552941070949;0,7089979554891487;0,5204898849116736;0,2843376662408896;0,2095010894883162;0,02592230821248779;0,9467941397062564
RJ;Sudeste;12857648;9369700;211843;75096;7228;8743753;59730;8479505;84889;131065;92;0;2,260936849632325;1,007961536085646;7,917064837615392;0,8588531720875463;0,7044043254883392;0,3544889375622513;0,2819540886411163;0,03411960744513626;0,9083306941049246
MS;Centro-Oeste;2024430;1490278;31847;10022;977;1420762;0;1381806;0;0;79;3;2,136983837914805;0,9527013159191465;1,19019634296879;0,70539611842096;0,0;0,3146921217069112;0,0;0,03067792884730116;0,9522904878944723
MG;Sudeste;16372372;11968327;247112;67261;8398;11380151;63817;11309326;80308;0;853;15;2,064716313315972;0,9204833063291867;9,235149266923216;0,5910378517824588;0,5642865012468471;0,2721883194664768;0,2582513192398588;0,03398458998348926;0,5141469942478436
RR;Norte;401521;325545;6623;840;120;318821;0;320928;0;0;15;0;2,034434563578;0,9069832216248261;0,2475168894866799;0,2634707249522459;0,0;0,126830741355881;0,0;0,01811867733655443;0,9665300275177531
RO;Norte;1265893;968059;19187;4263;410;932939;0;942021;0;7594;52;1;1,982007295009911;0,8836103131036265;0,7170627447653523;0,4569430584421918;0,0;0,222181685516235;0,0;0,02136863501329025;0,7154042688129169
CE;Nordeste;6996545;5617814;107587;19041;2935;5521642;0;5455572;17219;0;184;17;1,91510434485727;0,8537839159552567;4,020776021320162;0,3448430738537558;0,0;0,1769823491685799;0,0;0,02728024761355926;0,7459567803106353
PA;Norte;6262397;4863172;84165;11441;1611;4832237;0;4825120;0;0;144;3;1,730660564750743;0,7715559510530741;3,14544149232167;0,2367640494454225;0,0;0,1359353650567338;0,0;0,01914097308857601;0,8979954977317084
RN;Nordeste;2659825;2071898;35261;8015;871;1967700;7886;1938309;0;0;167;7;1,701869493575456;0,75872043451394;1,31778545073076;0,4073283528993241;0,406849475496425;0,2273049544822892;0,2236465216528176;0,02470151158503729;0,8080443773967969
AC;Norte;613742;469066;7980;0;0;462485;0;470012;0;0;22;0;1,701253128557602;0,7584456492052364;0,2982311306211243;0,0;0,0;0,0;0,0;0,0;
PB;Nordeste;3248531;2513747;42247;8846;1747;2399949;0;2399388;0;0;223;7;1,680638504988768;0,749255322796231;1,578868493151709;0,3685911658956086;0,0;0,2093876488271356;0,0;0,04135204866617748;0,8093406176726934
MT;Centro-Oeste;2637801;1993288;33170;9561;831;1901719;0;1925830;10300;0;142;23;1,664084668146299;0,7418753595679085;1,239639925150713;0,5027556647433191;0,0;0,2882423876997287;0,0;0,02505275851673199;0,6616557816189794
AM;Norte;2798611;2170405;35410;5109;693;2118897;0;2124765;0;0;62;0;1,631492739834271;0,7273453605850851;1,323353926728573;0,2411160146057123;0,0;0,1442812764755719;0,0;0,01957074272804293;0,9363786474457398
SE;Nordeste;1740135;1364196;21405;5838;510;1283700;0;1236582;0;0;75;0;1,569056059393225;0,6995100973685653;0,7999545552562863;0,4547791540079458;0,0;0,272740014015417;0,0;0,02382620882971269;0,8681021363450492
PE;Nordeste;7223450;5601017;85865;26945;2500;5264503;23312;5248293;18340;0;185;4;1,533025163108771;0,6834469518758786;3,208974439947724;0,5118241930909717;0,4441825180110943;0,3138065568042858;0,2714959529493973;0,0291154719618005;0,8372482274935731
MA;Nordeste;5183115;4009547;60384;7222;2409;3970048;0;3921073;7905;0;217;19;1,506005541274363;0,671401175571648;2,25669029967744;0,1819121582409079;0,0;0,1196012188659247;0,0;0,03989467408585055;0,826596663414512
PI;Nordeste;2704758;2146394;32274;4595;1060;2109063;0;2104590;0;0;224;29;1,503638195037817;0,6703457750418084;1,206154324519569;0,217869262321704;0,0;0,1423746669145442;0,0;0,03284377517506352;0,8430026032853736
AL;Nordeste;2442126;1818856;26851;6630;1020;1798341;4279;1803374;0;0;102;0;1,476257603680555;0,6581390727945134;1,003484221592457;0,3686731270654453;0,2372774588077681;0,2469181780939257;0,1593609176566981;0,03798741201445011;0,6439324575989551
GO;Centro-Oeste;5080590;3827823;54105;21685;1933;3607744;0;3637985;0;0;246;0;1,413466610133227;0,6301458511710961;2,022029489004502;0,6010681467421192;0,0;0,4007947509472322;0,0;0,03572682746511413;0,5358391593750447
TO;Norte;1182023;930447;12983;2370;457;902567;0;909289;0;0;139;1;1,395350836748358;0,6220695518390909;0,485204858252388;0,2625843843171753;0,0;0,1825464068397135;0,0;0,03519987676191944;0,8780061646399061
BA;Nordeste;11312752;8559047;117509;34926;4585;8281816;26372;8163705;0;0;417;4;1,372921541381885;0,6120702159378755;4,39158420152352;0,421719101221278;0,3230396002795299;0,297219787420538;0,2244253631636726;0,03901828796092214;0,7717704895980835
