nr;candidato;votos;municipios_em_1o;pct
22;FLAVIO BOLSONARO;56101586;2965;47,02942783670765
13;LULA;53872520;2751;45,16082293505195
70;ESCRITOR AUGUSTO CURY;3448371;0;2,890736727098863
14;RENAN SANTOS;2675777;0;2,2430784992178667
55;RONALDO CAIADO;2605038;0;2,183778665952175
30;ZEMA;326455;0;0,2736641324976516
80;SAMARA;122908;0;0,10303261152998533
16;HERTZ DIAS;43100;0;0,036130321516438045
27;CLARIANA BARAO;40040;0;0,03356515251782319
21;EDMILSON COSTA;22688;0;0,019019135372736577
35;VETERINÁRIO WILSON GRASSI;16879;0;0,014149505727980459
29;RUI COSTA PIMENTA;15024;0;0,012594476808885504
