cargo;sg_uf;vagas;validos;qe;votos_partido;pct_do_qe;quocientes_partidarios;faltaram_para_qe;faltaram_para_80pct_qe;eleitos;candidatos;mais_votado;votos_mais_votado;mais_votado_pct_qe;posicao_partido_na_uf;votos_presidente_na_uf;conversao_necessaria_pct;conversao_obtida_pct
Dep. Estadual/Distrital;SP;94;23290014;247766;429170;173,2158568972337;1;0;0;1;61;RAFA MINATO;185582;74,90212539250744;11,0;804310;30,804789198194726;53,35877957503948
Dep. Estadual/Distrital;PR;54;6180261;114449;94569;82,62981764803537;0;19880;0;0;31;MARI MAZZON SOS 4 PATAS;35941;31,403507239032233;11,0;177434;64,50229381065635;53,298127754545355
Dep. Estadual/Distrital;RJ;70;8479505;121136;59730;49,308215559371284;0;61406;37179;0;6;ANDRÉ BRANDÃO;22316;18,42226918504821;20,0;211843;57,181969666215075;28,19540886411163
Dep. Estadual/Distrital;MG;77;11309326;146874;63817;43,45016817135776;0;83057;53683;0;11;LUANA SILVA;25523;17,377480016885222;21,0;247112;59,43620706400337;25,825131923985886
Dep. Estadual/Distrital;RS;55;6106995;111036;36603;32,964984329406676;0;74433;52226;0;6;PEDRO MONTEIRO;9895;8,911524190352678;15,0;167558;66,26720299836475;21,84497308394705
Dep. Estadual/Distrital;SC;40;4271084;106777;34926;32,709291326783855;0;71851;50496;0;15;LÉO LAMERA;8212;7,690794834093484;13,0;132795;80,40739485673406;26,300689031966566
Dep. Estadual/Distrital;PE;49;5248293;107108;23312;21,764947529596295;0;83796;62375;0;12;GABRIEL ASAFE;12096;11,293274078500206;16,0;85865;124,73999883538112;27,14959529493973
Dep. Estadual/Distrital;BA;63;8163705;129583;26372;20,351434987614116;0;103211;77295;0;3;RAFA ANDRADE;14170;10,935076360325043;15,0;117509;110,27495766281731;22,442536316367256
Dep. Estadual/Distrital;DF;24;1698609;70775;14102;19,925114800423877;0;56673;42518;0;13;YURI KAIOLI;3264;4,6117979512539735;17,0;46714;151,50704285653123;30,187952219891255
Dep. Estadual/Distrital;ES;30;2142789;71426;11153;15,614762131436732;0;60273;45988;0;3;ENFERMEIRA KARYNA DARA;4106;5,748606949850195;15,0;53236;134,16860770906905;20,950108948831616
Dep. Estadual/Distrital;RN;24;1938309;80763;7886;9,764372299196415;0;72877;56725;0;2;FÁBIO SILVEIRA;5955;7,373425950001857;9,0;35261;229,04341907489862;22,364652165281758
Dep. Estadual/Distrital;AL;27;1803374;66792;4279;6,4064558629776025;0;62513;49155;0;3;LUCIANO VENTURA;1781;2,6664870044316684;8,0;26851;248,75051208521097;15,936091765669808
Dep. Estadual/Distrital;AC;24;470012;19584;0;0,0;0;19584;15668;0;0;;0;;;7980;245,41353383458647;0,0
Dep. Estadual/Distrital;AM;24;2124765;88532;0;0,0;0;88532;70826;0;0;;0;;;35410;250,019768426998;0,0
Dep. Estadual/Distrital;AP;24;450731;18780;0;0,0;0;18780;15024;0;0;;0;;;11342;165,5792629165932;0,0
Dep. Estadual/Distrital;CE;46;5455572;118599;0;0,0;0;118599;94880;0;0;;0;;;107587;110,23543736696813;0,0
Dep. Estadual/Distrital;GO;41;3637985;88731;0;0,0;0;88731;70985;0;0;;0;;;54105;163,99778209037981;0,0
Dep. Estadual/Distrital;MA;42;3921073;93359;0;0,0;0;93359;74688;0;0;;0;;;60384;154,60883677795442;0,0
Dep. Estadual/Distrital;MS;24;1381806;57575;0;0,0;0;57575;46060;0;0;;0;;;31847;180,78625930228907;0,0
Dep. Estadual/Distrital;MT;24;1925830;80243;0;0,0;0;80243;64195;0;0;;0;;;33170;241,91438046427496;0,0
Dep. Estadual/Distrital;PA;41;4825120;117686;0;0,0;0;117686;94149;0;0;;0;;;84165;139,8277193607794;0,0
Dep. Estadual/Distrital;PB;36;2399388;66650;0;0,0;0;66650;53320;0;0;;0;;;42247;157,76268137382536;0,0
Dep. Estadual/Distrital;PI;30;2104590;70153;0;0,0;0;70153;56123;0;0;;0;;;32274;217,36692074115388;0,0
Dep. Estadual/Distrital;RO;24;942021;39251;0;0,0;0;39251;31401;0;0;;0;;;19187;204,57080314796477;0,0
Dep. Estadual/Distrital;RR;24;320928;13372;0;0,0;0;13372;10698;0;0;;0;;;6623;201,90246112033822;0,0
Dep. Estadual/Distrital;SE;24;1236582;51524;0;0,0;0;51524;41220;0;0;;0;;;21405;240,7101144592385;0,0
Dep. Estadual/Distrital;TO;24;909289;37887;0;0,0;0;37887;30310;0;0;;0;;;12983;291,8200724023723;0,0
Dep. Federal;SP;70;23674188;338203;656391;194,0819566946479;1;0;0;1;45;KIM KATAGUIRI;520071;153,7748038899714;11,0;804310;42,0488368912484;81,60920540587584
Dep. Federal;RJ;46;8743753;190082;75096;39,50716006776023;0;114986;76970;0;23;VICTOR ANTOUN;49934;26,269715175555813;18,0;211843;89,72777009389029;35,44889375622513
Dep. Federal;RS;31;6081271;196170;76310;38,899933730947645;0;119860;80626;0;16;EVANDRO AUGUSTO;48835;24,894224397206504;13,0;167558;117,07587820336839;45,54243903603528
Dep. Federal;PR;30;6217229;207241;75584;36,47154761847318;0;131657;90209;0;31;PEDRO DEYROT;37118;17,91054858835848;14,0;177434;116,79892241622237;42,59837460689609
Dep. Federal;MG;53;11380151;214720;67261;31,32498137108793;0;147459;104515;0;20;CARLOS HENRIQUE DIAS;33881;15,779154247391952;19,0;247112;86,89177377059795;27,218831946647676
Dep. Federal;SC;16;4231498;264469;49229;18,614279934510282;0;215240;162347;0;17;FELIPE BARCELLOS;28807;10,892391924951507;11,0;132795;199,1558417109078;37,07142588199857
Dep. Federal;BA;39;8281816;212354;34926;16,44706480687908;0;177428;134958;0;21;QUÉCIA REIS;22870;10,769752394586398;15,0;117509;180,712966666383;29,7219787420538
Dep. Federal;PE;25;5264503;210580;26945;12,795612118909679;0;183635;141519;0;24;MIGUEL KAZAN;15616;7,4157089942064776;17,0;85865;245,24544342863797;31,38065568042858
Dep. Federal;GO;17;3607744;212220;21685;10,218169823767788;0;190535;148091;0;13;JOÃO NOLETO;10822;5,099425124870417;14,0;54105;392,2373163293596;40,07947509472322
Dep. Federal;DF;8;1659057;207382;20186;9,733728095977472;0;187196;145720;0;6;VICTOR RATTES;8263;3,984434521800349;13,0;46714;443,93971828573876;43,21188508798219
Dep. Federal;CE;22;5521642;250984;19041;7,586539380996398;0;231943;181747;0;6;GABRIEL CARVALHO;10226;4,074363306027476;18,0;107587;233,28469052952494;17,698234916857984
Dep. Federal;ES;10;2134985;213498;15137;7,089996159214606;0;198361;155662;0;10;PEDRO FRANCEZ;3919;1,835614385146465;10,0;53236;401,0406491847622;28,433766624088964
Dep. Federal;MS;8;1420762;177595;10022;5,643176891241308;0;167573;132054;0;6;MATEUS QUADROS;2382;1,3412539767448408;10,0;31847;557,6506421326969;31,469212170691115
Dep. Federal;PB;12;2399949;199996;8846;4,423088461769235;0;191150;151151;0;6;CATARINA NEVES;2473;1,2365247304946099;11,0;42247;473,39692759249175;20,938764882713567
Dep. Federal;PA;17;4832237;284249;11441;4,024992172355927;0;272808;215959;0;10;JOHN ROBERT;3791;1,3336898282843563;15,0;84165;337,7282718469673;13,593536505673379
Dep. Federal;MT;8;1901719;237715;9561;4,022043202995183;0;228154;180611;0;6;BERNARDO SABE;5359;2,254380245251667;13,0;33170;716,6566174253844;28,82423876997287
Dep. Federal;RO;8;932939;116617;4263;3,6555562225061524;0;112354;89031;0;3;ROGÉRIO KRAUSE;2280;1,9551180359638818;14,0;19187;607,7917339865534;22,218168551623496
Dep. Federal;SE;8;1283700;160462;5838;3,638244568807568;0;154624;122532;0;8;DAVI VALENÇA;3750;2,337001906993556;11,0;21405;749,6472786732072;27,274001401541696
Dep. Federal;AL;9;1798341;199816;6630;3,3180526083997277;0;193186;153223;0;6;RONALD ALVES;2491;1,246646915161949;8,0;26851;744,1659528509181;24,691817809392575
Dep. Federal;MA;18;3970048;220558;7222;3,2744221474623454;0;213336;169225;0;5;DANIEL LOPES;1894;0,8587310367341017;19,0;60384;365,259009009009;11,960121886592475
Dep. Federal;RN;8;1967700;245962;8015;3,258633447443101;0;237947;188755;0;9;VIVIANE AVELINO;2040;0,8293964108276888;9,0;35261;697,546864808145;22,730495448228922
Dep. Federal;PI;10;2109063;210906;4595;2,1786957222648953;0;206311;164130;0;8;ANGELO CARVALHO;1945;0,9222117910348686;11,0;32274;653,4857780256553;14,237466691454422
Dep. Federal;RR;8;318821;39853;840;2,107745966426618;0;39013;31043;0;3;GREG LOOBAN;388;0,9735778987780092;12,0;6623;601,7363732447532;12,683074135588102
Dep. Federal;TO;8;902567;112821;2370;2,1006727470949556;0;110451;87887;0;3;WALDESON VENCESLAU;995;0,881928009856321;10,0;12983;868,990217977355;18,254640683971346
Dep. Federal;AM;8;2118897;264862;5109;1,9289290271915187;0;259753;206781;0;9;ELIABE CAMPOS;1864;0,7037627141681329;15,0;35410;747,9864445072013;14,428127647557186
Dep. Federal;AP;8;459680;57460;1026;1,7855899756352245;0;56434;44942;0;5;LUY RICARDO;359;0,6247824573616428;13,0;11342;506,61259037206844;9,046023628989596
Dep. Federal;AC;8;462485;57811;0;0,0;0;57811;46249;0;0;;0;;;7980;724,4486215538847;0,0
