nm_municipio;sg_uf;aptos;faixa_eleitorado;renan_votos;renan_pct100;renan_pos;lider_pres;df_total;df_pct100;top_df_nome
LAGOA DOURADA;MG;10425;10k–20k;362;4,48741787529441;3;FLAVIO BOLSONARO;68;0,9104297764091579;CARLOS HENRIQUE DIAS
SÃO CAETANO DO SUL;SP;147744;100k–200k;5168;4,397736459175424;3;FLAVIO BOLSONARO;4938;4,336790704618709;KIM KATAGUIRI
SANTANA DE PARNAÍBA;SP;111635;100k–200k;3570;4,34375266161315;3;FLAVIO BOLSONARO;2906;3,639688384559505;KIM KATAGUIRI
ITÁ;SC;5888;5k–10k;198;4,126719466444352;3;FLAVIO BOLSONARO;58;1,29608938547486;FELIPE BARCELLOS
BLUMENAU;SC;269370;200k–500k;8687;4,121104590759655;3;FLAVIO BOLSONARO;3164;1,59079710800728;FELIPE BARCELLOS
COTIA;SP;194159;100k–200k;5766;4,078485740153916;4;FLAVIO BOLSONARO;4902;3,657390136536597;KIM KATAGUIRI
SANTO ANDRÉ;SP;573503;500k–1M;16436;3,978283548311359;4;FLAVIO BOLSONARO;11896;2,972565737031882;KIM KATAGUIRI
CURITIBA;PR;1415148;1M+;43451;3,973810947894432;3;FLAVIO BOLSONARO;20597;1,993293429399554;PEDRO DEYROT
SÃO BERNARDO DO CAMPO;SP;626647;500k–1M;18211;3,957613913693549;4;LULA;13838;3,168772999251201;KIM KATAGUIRI
JUNDIAÍ;SP;337851;200k–500k;9927;3,94191365672353;4;FLAVIO BOLSONARO;7019;2,893776669209045;KIM KATAGUIRI
PINHAIS;PR;99265;50k–100k;2998;3,92305679141586;3;FLAVIO BOLSONARO;1038;1,42486513198534;PEDRO DEYROT
PALHOÇA;SC;154633;100k–200k;4644;3,882001855737322;3;FLAVIO BOLSONARO;2014;1,814561541025849;FELIPE BARCELLOS
POÁ;SP;89811;50k–100k;2657;3,880248265790434;3;FLAVIO BOLSONARO;1977;3,030024368936503;KIM KATAGUIRI
ARUJÁ;SP;71347;50k–100k;2080;3,865021554927903;3;FLAVIO BOLSONARO;1675;3,289925952114391;KIM KATAGUIRI
SANTOS;SP;348832;200k–500k;9666;3,831305243965278;3;FLAVIO BOLSONARO;6460;2,625503966705684;KIM KATAGUIRI
OSASCO;SP;583991;500k–1M;16086;3,814044580172943;4;FLAVIO BOLSONARO;13355;3,333857564024793;KIM KATAGUIRI
RIBEIRÃO PIRES;SP;85765;50k–100k;2456;3,813842259732596;4;FLAVIO BOLSONARO;1824;2,97951582867784;KIM KATAGUIRI
MAUÁ;SP;310407;200k–500k;8487;3,811178919290304;4;LULA;5698;2,709205020920502;KIM KATAGUIRI
SÃO PAULO;SP;9145124;1M+;249725;3,810954672949966;3;LULA;223716;3,585219886306818;KIM KATAGUIRI
SÃO JOSÉ;SC;195574;100k–200k;5780;3,801831193432961;3;FLAVIO BOLSONARO;2543;1,789521832447838;FELIPE BARCELLOS
SÃO JOÃO DO TRIUNFO;PR;11623;10k–20k;342;3,792835754685594;3;FLAVIO BOLSONARO;52;0,6197115957573591;PEDRO DEYROT
VARGEM GRANDE PAULISTA;SP;42997;20k–50k;1188;3,774783934926284;4;FLAVIO BOLSONARO;985;3,30459288086691;KIM KATAGUIRI
JOINVILLE;SC;443225;200k–500k;13253;3,755784724642856;3;FLAVIO BOLSONARO;5965;1,793628933805621;FELIPE BARCELLOS
MOGI DAS CRUZES;SP;334039;200k–500k;8987;3,745550933991281;4;FLAVIO BOLSONARO;6771;2,982175653713516;KIM KATAGUIRI
CAJAMAR;SP;70021;50k–100k;1942;3,71916653899188;4;FLAVIO BOLSONARO;1516;3,06913655228262;KIM KATAGUIRI
BARUERI;SP;298024;200k–500k;8134;3,712561731494245;4;FLAVIO BOLSONARO;6431;3,068561912805317;KIM KATAGUIRI
VINHEDO;SP;65669;50k–100k;1830;3,711515839857218;3;FLAVIO BOLSONARO;1812;3,844440201132964;KIM KATAGUIRI
CANOAS;RS;253142;200k–500k;6870;3,703024945559604;4;FLAVIO BOLSONARO;2353;1,374873643678094;EVANDRO AUGUSTO
FAZENDA RIO GRANDE;PR;94019;50k–100k;2536;3,695984842964366;4;FLAVIO BOLSONARO;1187;1,900233727147568;PEDRO DEYROT
FLORIANÓPOLIS;SC;423969;200k–500k;12075;3,694558672345425;4;FLAVIO BOLSONARO;5486;1,772484806580745;FELIPE BARCELLOS
SOROCABA;SP;531342;500k–1M;14567;3,693730015645166;4;FLAVIO BOLSONARO;13866;3,688540943442904;KIM KATAGUIRI
TABOÃO DA SERRA;SP;212014;200k–500k;5895;3,683200979687725;4;LULA;4719;3,139302820649281;KIM KATAGUIRI
JANDIRA;SP;76022;50k–100k;2058;3,66081434441539;4;FLAVIO BOLSONARO;1346;2,503068397366757;KIM KATAGUIRI
CRICIÚMA;SC;154435;100k–200k;4333;3,654042384530405;3;FLAVIO BOLSONARO;1652;1,451095788132988;FELIPE BARCELLOS
SUZANO;SP;235588;200k–500k;6178;3,649898088795676;4;FLAVIO BOLSONARO;4545;2,858184973933604;KIM KATAGUIRI
ALUMÍNIO;SP;14040;10k–20k;386;3,638077285579642;4;FLAVIO BOLSONARO;230;2,236048998638926;KIM KATAGUIRI
SALTO;SP;95308;50k–100k;2595;3,613249975633189;4;FLAVIO BOLSONARO;2377;3,508435299847973;KIM KATAGUIRI
ITAPEVI;SP;168609;100k–200k;4295;3,611398397363133;4;LULA;1517;1,283016314689987;KIM KATAGUIRI
ATIBAIA;SP;119210;100k–200k;3213;3,608976951071573;4;FLAVIO BOLSONARO;2778;3,262324729313949;KIM KATAGUIRI
CAIEIRAS;SP;72229;50k–100k;1875;3,58570308466084;4;FLAVIO BOLSONARO;1674;3,397536075987904;KIM KATAGUIRI
SÃO JOSÉ DOS PINHAIS;PR;227539;200k–500k;6222;3,581873028300366;4;FLAVIO BOLSONARO;2678;1,671681294398182;PEDRO DEYROT
INDAIAL;SC;50898;50k–100k;1414;3,571067784624709;3;FLAVIO BOLSONARO;581;1,571077039560856;FELIPE BARCELLOS
COCAL DO SUL;SC;14810;10k–20k;405;3,561378825184664;3;FLAVIO BOLSONARO;129;1,185443852233045;FELIPE BARCELLOS
ITAPECERICA DA SERRA;SP;124081;100k–200k;3234;3,560380038091883;4;LULA;2298;2,67380301355518;KIM KATAGUIRI
TAUBATÉ;SP;239956;200k–500k;6170;3,538777429826674;4;FLAVIO BOLSONARO;4604;2,762063028310546;KIM KATAGUIRI
ESTEIO;RS;65833;50k–100k;1694;3,518537750545228;4;FLAVIO BOLSONARO;577;1,264380409773201;EVANDRO AUGUSTO
VALINHOS;SP;94676;50k–100k;2574;3,518412203723448;4;FLAVIO BOLSONARO;2601;3,723160606928142;KIM KATAGUIRI
GUARULHOS;SP;948908;500k–1M;25059;3,512275936305572;4;FLAVIO BOLSONARO;16351;2,413723875066798;KIM KATAGUIRI
CAMPO LIMPO PAULISTA;SP;59440;50k–100k;1536;3,51045594789167;4;FLAVIO BOLSONARO;1081;2,604819277108434;KIM KATAGUIRI
INDAIATUBA;SP;192534;100k–200k;5202;3,503667333454567;4;FLAVIO BOLSONARO;5080;3,584178813834366;KIM KATAGUIRI
